-- phpMyAdmin SQL Dump
-- version 4.8.4
-- https://www.phpmyadmin.net/
--
-- Servidor: 127.0.0.1:3306
-- Tiempo de generación: 26-07-2020 a las 16:05:22
-- Versión del servidor: 5.7.24
-- Versión de PHP: 5.6.40

SET SQL_MODE = "NO_AUTO_VALUE_ON_ZERO";
SET AUTOCOMMIT = 0;
START TRANSACTION;
SET time_zone = "+00:00";
USE STAP;

delete from `equipo_trabajo`;
delete from `tarea_personal`;
delete from `tarea`;
delete from `proyecto`;
delete from `rol`;
delete from `usuario`;
delete from `personal`;

/*!40101 SET @OLD_CHARACTER_SET_CLIENT=@@CHARACTER_SET_CLIENT */;
/*!40101 SET @OLD_CHARACTER_SET_RESULTS=@@CHARACTER_SET_RESULTS */;
/*!40101 SET @OLD_COLLATION_CONNECTION=@@COLLATION_CONNECTION */;
/*!40101 SET NAMES utf8mb4 */;

--
-- Base de datos: `stap`
--

--
-- Volcado de datos para la tabla `personal`
--

INSERT INTO `personal` (`idPersonal`, `iniciales`, `nombre_completo`, `visibilidad`) VALUES
(1, 'DAS', 'Daniel Arredondo', 1),
(2, 'ODBP', 'Mona F. Flowers', 1),
(3, 'KGHY', 'Wanda B. Garrison', 1),
(4, 'VRQU', 'Eleanor N. Clayton', 1),
(5, 'ZNDS', 'Cody Sharp', 1),
(6, 'WCLC', 'Marcia Emerson', 1),
(7, 'QRUZ', 'Gloria K. Doyle', 1),
(8, 'ZHJK', 'Graiden T. Hatfield', 1),
(9, 'JKWK', 'Rhona B. Hess', 1),
(10, 'BKKU', 'Hedda Cummings', 1),
(11, 'HTKP', 'Georgia Mejia', 1),
(12, 'HHCT', 'Brianna Golden', 1),
(13, 'QXGD', 'Alexandra Q. Hatfield', 1),
(14, 'UTAI', 'Castor Mullins', 1),
(15, 'UWCZ', 'Price Thornton', 1),
(16, 'KOZN', 'Deirdre J. Jenkins', 1),
(17, 'WAEE', 'Colette C. Trujillo', 1),
(18, 'TEHM', 'Allistair Y. Pope', 1),
(19, 'DRDO', 'Serena Tyler', 1),
(20, 'ATSM', 'Yuli Pierce', 1),
(21, 'TQRR', 'Ruth Joseph', 1),
(22, 'BUNT', 'Judith K. Berger', 1),
(23, 'QOYN', 'Beau Russell', 1),
(24, 'NUGH', 'Ciara Crane', 1),
(25, 'XDQW', 'Kaseem Walls', 1),
(26, 'RPFV', 'Ivory C. Key', 1),
(27, 'ZKMV', 'Veda D. Grant', 1),
(28, 'BCPI', 'Wesley C. Hendricks', 1),
(29, 'FPVT', 'Madeline R. Kelley', 1),
(30, 'EHQD', 'Reed Day', 1),
(31, 'EQER', 'Ahmed Kelly', 1),
(32, 'GOBP', 'Scarlet I. Leach', 1),
(33, 'SPPT', 'Plato Richmond', 1),
(34, 'WZCN', 'Leigh Fuller', 1),
(35, 'ZAYS', 'Duncan Clements', 1),
(36, 'JUFF', 'Yeo E. Walsh', 1),
(37, 'SWHD', 'Montana Robbins', 1),
(38, 'NFPD', 'Hiram Byrd', 1),
(39, 'TYZS', 'Tiger K. Gilmore', 1),
(40, 'FRME', 'Aretha I. Beck', 1),
(41, 'HXVI', 'Tashya Jefferson', 1),
(42, 'ZXIJ', 'Lila R. Massey', 1),
(43, 'DJKU', 'Lacota W. Shannon', 1),
(44, 'AXNK', 'Orli V. Vasquez', 1),
(45, 'EELR', 'Todd Woodard', 1),
(46, 'UJGU', 'Oscar N. Kline', 1),
(47, 'PSWD', 'Quentin Patrick', 1),
(48, 'MFXJ', 'Arsenio F. Serrano', 1),
(49, 'KRJT', 'Alvin L. Todd', 1),
(50, 'HECC', 'Lara I. Lott', 1),
(51, 'RRJW', 'Hammett P. Nielsen', 1),
(52, 'PPHW', 'Emi Mclaughlin', 1),
(53, 'HMHH', 'Aretha Cole', 1),
(54, 'SAUX', 'Jennifer Hurley', 1),
(55, 'WNII', 'Evan M. Lindsey', 1),
(56, 'REXJ', 'Lisandra Rodriguez', 1),
(57, 'YZEJ', 'Vernon Mckay', 1),
(58, 'DFKK', 'Selma Ryan', 1),
(59, 'GIGV', 'Malik Moreno', 1),
(60, 'UMJV', 'Maite W. Preston', 1),
(61, 'SOQP', 'Joseph Fitzgerald', 1),
(62, 'DEEO', 'Ferris Simmons', 1),
(63, 'DQIC', 'Aaron V. Mcconnell', 1),
(64, 'GYXS', 'Ian V. George', 1),
(65, 'CWES', 'Gavin R. Crane', 1),
(66, 'PZIN', 'Sawyer R. Powell', 1),
(67, 'RSKZ', 'Mira Q. Watkins', 1),
(68, 'VAYP', 'Oscar Dale', 1),
(69, 'DHSF', 'Echo Perkins', 1),
(70, 'HIBF', 'Josiah Holt', 1),
(71, 'QEBW', 'Denton T. Nelson', 1),
(72, 'XNXY', 'Tanner Z. Dillard', 1),
(73, 'CLDP', 'Lance Obrien', 1),
(74, 'NSQY', 'Tasha Glover', 1),
(75, 'FDXW', 'Carl J. Conley', 1),
(76, 'HKHN', 'Merritt V. Mccarty', 1),
(77, 'DPBZ', 'Fletcher X. Barrera', 1),
(78, 'REHN', 'Madeson D. Davidson', 1),
(79, 'KIWK', 'Sydnee Gillespie', 1),
(80, 'FGDD', 'Halee Q. Brewer', 1),
(81, 'JXMH', 'Pearl Wood', 1),
(82, 'XWWZ', 'Xyla Dejesus', 1),
(83, 'SMJP', 'Leandra Henson', 1),
(84, 'PAFQ', 'Paula R. Whitley', 1),
(85, 'DVEJ', 'Harlan Daniels', 1),
(86, 'WEJG', 'Kylee I. Jimenez', 1),
(87, 'CUQF', 'Zoe Mcbride', 1),
(88, 'OMXZ', 'Tanya Fischer', 1),
(89, 'IAOC', 'Silas Y. Lee', 1),
(90, 'LBAR', 'Lucius A. Mack', 1),
(91, 'TJOD', 'Daryl E. Clark', 1),
(92, 'NNAD', 'Ignacia Y. Clark', 1),
(93, 'IJNA', 'Haviva Whitfield', 1),
(94, 'MLGH', 'Sawyer Love', 1),
(95, 'IWAS', 'Jaime Graves', 1),
(96, 'DSBF', 'Quinlan H. Mccray', 1),
(97, 'AFDL', 'Hadley Torres', 1),
(98, 'JVGX', 'Amity M. Downs', 1),
(99, 'WPOA', 'Judah Newton', 1),
(100, 'CHCS', 'Uta Ware', 1),
(101, 'KLUE', 'Lucius Weeks', 1);

--
-- Volcado de datos para la tabla `proyecto`
--

INSERT INTO `proyecto` (`idProyecto`, `titulo_proyecto`, `detalles`, `inicio_proyecto`, `fin_proyecto`, `visibilidad`) VALUES
(1, 'Dui Fusce Diam Institute', 'vehicula. Pellentesque tincidunt tempus risus.', '2020-10-30', '2021-05-23', 1),
(2, 'Nec Corp.', 'urna suscipit nonummy. Fusce fermentum fermentum', '2020-10-31', '2021-07-06', 1),
(3, 'Tincidunt Tempus Risus Corporation', 'nascetur ridiculus mus. Donec dignissim magna a tortor. Nunc commodo auctor velit. Aliquam nisl. Nulla', '2020-12-16', '2021-06-07', 1),
(4, 'Arcu LLP', 'odio vel est tempor bibendum. Donec felis orci, adipiscing', '2020-09-09', '2021-06-27', 1),
(5, 'Euismod Mauris Ltd', 'Duis ac arcu. Nunc mauris. Morbi non sapien molestie orci tincidunt adipiscing.', '2020-12-06', '2021-06-09', 1),
(6, 'Curabitur Sed Associates', 'neque et nunc. Quisque ornare tortor at risus. Nunc ac sem ut dolor', '2020-12-02', '2021-01-02', 1),
(7, 'Litora Corp.', 'dolor dapibus gravida. Aliquam tincidunt, nunc', '2020-10-17', '2021-05-28', 1),
(8, 'Elit Pede Corp.', 'Pellentesque ultricies dignissim lacus. Aliquam rutrum lorem ac risus. Morbi metus. Vivamus euismod', '2020-12-21', '2021-01-04', 1),
(9, 'Curabitur Massa Vestibulum PC', 'malesuada fringilla est. Mauris eu turpis. Nulla aliquet. Proin velit. Sed malesuada augue ut', '2020-08-28', '2021-03-10', 1),
(10, 'Odio Aliquam Corporation', 'enim. Etiam imperdiet dictum magna. Ut tincidunt orci quis', '2020-12-28', '2021-02-22', 1),
(11, 'Imperdiet Dictum Magna Corp.', 'nec luctus felis purus ac tellus. Suspendisse', '2020-09-04', '2021-01-11', 1),
(12, 'Euismod Industries', 'sagittis augue, eu tempor erat neque non quam. Pellentesque habitant morbi tristique senectus et netus', '2020-08-29', '2021-07-08', 1),
(13, 'Tristique Pellentesque Foundation', 'sem molestie sodales. Mauris blandit enim consequat purus. Maecenas libero est, congue a, aliquet vel,', '2020-12-18', '2021-06-07', 1),
(14, 'Ipsum Dolor LLC', 'leo. Vivamus nibh dolor, nonummy', '2020-09-16', '2021-02-24', 1),
(15, 'Id LLC', 'magna. Phasellus dolor elit, pellentesque', '2020-09-08', '2021-01-18', 1),
(16, 'Velit Eget Laoreet Inc.', 'erat. Sed nunc est, mollis non, cursus non, egestas a, dui. Cras pellentesque.', '2020-09-17', '2021-02-11', 1),
(17, 'Dolor Dapibus PC', 'eu tellus. Phasellus elit pede, malesuada vel, venenatis vel, faucibus id, libero. Donec consectetuer mauris', '2020-09-25', '2021-05-17', 1),
(18, 'Pellentesque Associates', 'Duis elementum, dui quis accumsan convallis,', '2020-10-09', '2021-05-15', 1),
(19, 'Sed Et Libero LLP', 'tellus lorem eu metus. In lorem. Donec elementum, lorem ut aliquam iaculis,', '2020-10-29', '2021-02-16', 1),
(20, 'Urna Nullam Associates', 'amet, risus. Donec nibh enim,', '2020-12-30', '2021-05-18', 1),
(21, 'Ut Erat Consulting', 'sit amet, consectetuer adipiscing elit. Aliquam', '2020-09-18', '2021-06-23', 1),
(22, 'Torquent LLP', 'vel, venenatis vel, faucibus id, libero. Donec consectetuer mauris id sapien. Cras dolor dolor,', '2020-11-17', '2021-06-24', 1),
(23, 'Semper Rutrum PC', 'non, bibendum sed, est. Nunc laoreet lectus quis', '2020-10-17', '2021-02-10', 1),
(24, 'Ipsum Primis In Incorporated', 'magnis dis parturient montes, nascetur ridiculus mus.', '2020-11-26', '2021-03-05', 1),
(25, 'Sit Amet Foundation', 'Nullam lobortis quam a felis ullamcorper viverra. Maecenas iaculis aliquet diam. Sed', '2020-09-18', '2021-01-09', 1),
(26, 'Odio Vel Est Consulting', 'consequat purus. Maecenas libero est, congue a, aliquet vel, vulputate', '2020-10-14', '2021-01-03', 1),
(27, 'Maecenas Libero Est LLC', 'mi, ac mattis velit justo', '2020-10-15', '2021-07-04', 1),
(28, 'Feugiat Industries', 'sit amet diam eu dolor egestas rhoncus. Proin nisl sem, consequat nec, mollis vitae, posuere', '2020-12-27', '2021-02-14', 1),
(29, 'Nibh Incorporated', 'urna convallis erat, eget tincidunt dui augue eu tellus. Phasellus elit pede, malesuada', '2020-09-05', '2021-04-03', 1),
(30, 'Et Ipsum Incorporated', 'nunc. Quisque ornare tortor at risus. Nunc ac', '2020-10-16', '2021-03-22', 1),
(31, 'Eget Mollis Lectus LLC', 'arcu iaculis enim, sit amet', '2020-08-12', '2021-05-10', 1),
(32, 'Cursus Luctus Ipsum Inc.', 'Donec est mauris, rhoncus id, mollis nec,', '2020-09-10', '2021-03-27', 1),
(33, 'Risus Nunc Incorporated', 'nisi a odio semper cursus. Integer mollis. Integer tincidunt aliquam arcu. Aliquam ultrices iaculis odio.', '2020-10-11', '2021-01-05', 1),
(34, 'Sit Amet Industries', 'nec, mollis vitae, posuere at, velit. Cras', '2020-10-04', '2021-01-20', 1),
(35, 'Elit Pellentesque A Foundation', 'risus a ultricies adipiscing, enim mi tempor lorem,', '2020-08-15', '2021-01-19', 1),
(36, 'In Dolor Consulting', 'interdum ligula eu enim. Etiam imperdiet dictum magna. Ut tincidunt orci quis lectus. Nullam', '2020-10-07', '2021-05-11', 1),
(37, 'Volutpat Nulla Dignissim Company', 'tincidunt pede ac urna. Ut tincidunt vehicula risus.', '2020-12-20', '2021-02-27', 1),
(38, 'Augue Malesuada PC', 'porttitor vulputate, posuere vulputate, lacus. Cras interdum. Nunc sollicitudin commodo ipsum. Suspendisse', '2020-12-01', '2021-06-13', 1),
(39, 'Congue Consulting', 'tellus. Nunc lectus pede, ultrices a, auctor non, feugiat nec, diam.', '2020-09-23', '2021-03-19', 1),
(40, 'Augue Id Inc.', 'amet, dapibus id, blandit at, nisi. Cum sociis natoque penatibus et', '2020-09-03', '2021-06-20', 1),
(41, 'Nulla Eu Limited', 'mattis. Integer eu lacus. Quisque imperdiet, erat', '2020-08-05', '2021-05-08', 1),
(42, 'Metus Industries', 'vel arcu eu odio tristique pharetra. Quisque ac libero nec ligula consectetuer rhoncus.', '2020-11-26', '2021-06-08', 1),
(43, 'Mauris Vestibulum Ltd', 'Curabitur consequat, lectus sit amet luctus vulputate, nisi sem semper erat, in consectetuer ipsum', '2020-11-12', '2021-01-13', 1),
(44, 'Odio Industries', 'urna convallis erat, eget tincidunt dui augue eu', '2020-08-20', '2021-02-23', 1),
(45, 'Mi Fringilla Mi Industries', 'augue ac ipsum. Phasellus vitae mauris sit amet lorem semper auctor. Mauris vel turpis.', '2020-12-03', '2021-02-19', 1),
(46, 'Cursus A Enim Limited', 'nibh. Aliquam ornare, libero at auctor', '2020-10-28', '2021-01-10', 1),
(47, 'Id Erat Etiam Foundation', 'eros nec tellus. Nunc lectus pede, ultrices a, auctor non,', '2020-12-07', '2021-05-24', 1),
(48, 'Lacinia Vitae Sodales Institute', 'enim, condimentum eget, volutpat ornare, facilisis eget, ipsum. Donec', '2020-08-01', '2021-04-29', 1),
(49, 'Aliquam Tincidunt Nunc Foundation', 'ligula. Aenean gravida nunc sed pede. Cum sociis natoque penatibus et magnis dis', '2020-10-09', '2021-03-20', 1),
(50, 'Fringilla Donec Feugiat Industries', 'malesuada id, erat. Etiam vestibulum massa rutrum magna. Cras convallis convallis dolor. Quisque tincidunt pede', '2020-12-20', '2021-04-30', 1),
(51, 'Libero Proin Sed LLP', 'Aliquam erat volutpat. Nulla dignissim. Maecenas ornare egestas ligula. Nullam feugiat placerat velit. Quisque', '2020-08-04', '2021-06-03', 1),
(52, 'Sit Amet Institute', 'et ipsum cursus vestibulum. Mauris magna. Duis dignissim tempor arcu. Vestibulum ut eros', '2020-12-05', '2021-01-26', 1),
(53, 'Pharetra Felis Eget Incorporated', 'nec urna suscipit nonummy. Fusce', '2020-10-17', '2021-01-18', 1),
(54, 'Vel Nisl Associates', 'ornare, lectus ante dictum mi, ac mattis velit justo nec ante. Maecenas mi felis,', '2020-12-28', '2021-06-28', 1),
(55, 'Malesuada Fames Ac Institute', 'ultricies ornare, elit elit fermentum risus, at', '2020-09-06', '2021-06-14', 1),
(56, 'Ipsum Phasellus PC', 'est, mollis non, cursus non, egestas a,', '2020-11-11', '2021-02-19', 1),
(57, 'In Hendrerit Consectetuer LLC', 'eget tincidunt dui augue eu', '2020-10-22', '2021-05-11', 1),
(58, 'Suspendisse Commodo Corporation', 'Nullam feugiat placerat velit. Quisque varius. Nam porttitor scelerisque neque. Nullam', '2020-09-15', '2021-06-02', 1),
(59, 'Ut Molestie In Limited', 'nisi dictum augue malesuada malesuada. Integer id magna et ipsum cursus vestibulum. Mauris magna. Duis', '2020-09-13', '2021-06-01', 1),
(60, 'Lorem Consulting', 'In faucibus. Morbi vehicula. Pellentesque tincidunt tempus risus. Donec egestas. Duis', '2020-08-16', '2021-07-19', 1),
(61, 'Nisl Sem Associates', 'ante dictum cursus. Nunc mauris elit, dictum eu, eleifend nec, malesuada', '2020-08-12', '2021-01-14', 1),
(62, 'Cubilia Curae Donec Consulting', 'ac turpis egestas. Fusce aliquet magna a neque. Nullam ut nisi', '2020-10-19', '2021-04-03', 1),
(63, 'Nullam PC', 'amet, consectetuer adipiscing elit. Aliquam auctor, velit eget laoreet', '2020-11-28', '2021-07-13', 1),
(64, 'Diam Nunc Ullamcorper Corporation', 'leo. Cras vehicula aliquet libero.', '2020-09-17', '2021-07-14', 1),
(65, 'Sed Eu Eros Institute', 'adipiscing elit. Curabitur sed tortor. Integer aliquam adipiscing lacus. Ut nec urna et arcu', '2020-09-15', '2021-01-06', 1),
(66, 'Molestie Pharetra Corporation', 'amet ante. Vivamus non lorem vitae odio sagittis semper.', '2020-12-25', '2021-06-07', 1),
(67, 'Cubilia Curae Phasellus LLP', 'fringilla ornare placerat, orci lacus vestibulum lorem, sit amet ultricies sem magna nec', '2020-10-26', '2021-04-12', 1),
(68, 'Donec Dignissim LLP', 'diam. Pellentesque habitant morbi tristique senectus et', '2020-08-17', '2021-03-03', 1),
(69, 'Aliquam Corporation', 'orci luctus et ultrices posuere cubilia Curae Phasellus ornare.', '2020-10-27', '2021-05-30', 1),
(70, 'Imperdiet Ornare In Institute', 'vitae aliquam eros turpis non enim. Mauris quis turpis vitae purus gravida sagittis. Duis gravida.', '2020-12-09', '2021-04-28', 1),
(71, 'Vestibulum Nec Euismod Ltd', 'Nunc ullamcorper, velit in aliquet lobortis, nisi nibh', '2020-10-16', '2021-03-19', 1),
(72, 'Enim Institute', 'ipsum ac mi eleifend egestas. Sed pharetra, felis eget varius ultrices, mauris ipsum porta', '2020-10-16', '2021-06-24', 1),
(73, 'Diam Vel LLC', 'habitant morbi tristique senectus et netus et malesuada', '2020-08-31', '2021-06-16', 1),
(74, 'Dolor Tempus Industries', 'erat volutpat. Nulla dignissim. Maecenas ornare egestas ligula. Nullam feugiat', '2020-08-04', '2021-05-19', 1),
(75, 'Fermentum Risus Consulting', 'eros non enim commodo hendrerit. Donec porttitor tellus non magna. Nam ligula elit,', '2020-08-02', '2021-06-24', 1),
(76, 'Eu Odio Phasellus Corp.', 'lorem ipsum sodales purus, in molestie tortor nibh sit amet orci. Ut sagittis lobortis mauris.', '2020-11-12', '2021-03-15', 1),
(77, 'Tristique Ac Eleifend PC', 'nascetur ridiculus mus. Proin vel arcu eu odio tristique pharetra.', '2020-08-06', '2021-04-27', 1),
(78, 'In Tincidunt Congue Company', 'justo sit amet nulla. Donec non justo. Proin non', '2020-12-15', '2021-03-30', 1),
(79, 'Tellus Incorporated', 'Aliquam ultrices iaculis odio. Nam interdum enim non nisi. Aenean eget metus. In nec', '2020-12-06', '2021-01-15', 1),
(80, 'Ligula Aliquam Erat LLC', 'Ut sagittis lobortis mauris. Suspendisse aliquet molestie tellus. Aenean', '2020-09-29', '2021-01-07', 1),
(81, 'Nunc LLP', 'nisl. Maecenas malesuada fringilla est. Mauris eu turpis. Nulla aliquet. Proin velit.', '2020-11-24', '2021-02-21', 1),
(82, 'Quam PC', 'ipsum cursus vestibulum. Mauris magna. Duis', '2020-11-03', '2021-06-15', 1),
(83, 'Eget Foundation', 'malesuada ut, sem. Nulla interdum. Curabitur dictum.', '2020-11-18', '2021-07-23', 1),
(84, 'Ultricies LLP', 'sodales purus, in molestie tortor', '2020-11-17', '2021-03-08', 1),
(85, 'Enim Sed Nulla Consulting', 'Proin velit. Sed malesuada augue ut lacus. Nulla tincidunt, neque vitae semper egestas, urna', '2020-11-24', '2021-04-13', 1),
(86, 'Eu Neque LLC', 'Sed eget lacus. Mauris non dui nec urna', '2020-08-16', '2021-05-05', 1),
(87, 'Lobortis Ultrices Vivamus Corporation', 'pede, ultrices a, auctor non,', '2020-09-18', '2021-02-06', 1),
(88, 'Donec Inc.', 'ligula. Aliquam erat volutpat. Nulla dignissim. Maecenas ornare egestas ligula. Nullam feugiat placerat velit. Quisque', '2020-12-15', '2021-04-20', 1),
(89, 'Sociis Consulting', 'lorem, luctus ut, pellentesque eget, dictum placerat,', '2020-09-19', '2021-01-03', 1),
(90, 'Posuere Corporation', 'commodo tincidunt nibh. Phasellus nulla. Integer vulputate, risus a', '2020-10-04', '2021-01-12', 1),
(91, 'Orci Donec Foundation', 'nisi. Mauris nulla. Integer urna. Vivamus molestie dapibus', '2020-10-12', '2021-02-04', 1),
(92, 'Fringilla Ornare Inc.', 'feugiat. Lorem ipsum dolor sit amet, consectetuer adipiscing elit. Aliquam auctor, velit', '2020-12-10', '2021-06-28', 1),
(93, 'Risus Donec Egestas Ltd', 'arcu ac orci. Ut semper pretium neque. Morbi quis', '2020-08-29', '2021-03-22', 1),
(94, 'Mollis Non Cursus Corp.', 'ac orci. Ut semper pretium neque. Morbi quis urna. Nunc quis arcu vel quam dignissim', '2020-08-23', '2021-05-29', 1),
(95, 'Lacinia Consulting', 'lectus rutrum urna, nec luctus felis purus ac tellus. Suspendisse sed dolor. Fusce', '2020-08-22', '2021-01-22', 1),
(96, 'Enim Suspendisse Consulting', 'ornare, elit elit fermentum risus,', '2020-12-30', '2021-02-06', 1),
(97, 'Pellentesque Habitant Morbi Corporation', 'vitae semper egestas, urna justo faucibus lectus, a sollicitudin orci sem eget massa. Suspendisse', '2020-08-18', '2021-01-15', 1),
(98, 'Et Nunc Company', 'ipsum. Suspendisse non leo. Vivamus nibh dolor, nonummy ac, feugiat non, lobortis quis,', '2020-10-15', '2021-06-16', 1),
(99, 'Iaculis Limited', 'elit, pharetra ut, pharetra sed,', '2020-11-14', '2021-04-15', 1),
(100, 'Nullam Incorporated', 'habitant morbi tristique senectus et netus et malesuada fames', '2020-12-27', '2021-07-10', 1);

--
-- Volcado de datos para la tabla `rol`
--

INSERT INTO `rol` (`idRol`, `identificador`, `nombre_rol`) VALUES
(1, 'PM', 'Administrador del proyecto'),
(2, 'TL', 'Líder técnico'),
(3, 'DES', 'Diseñador'),
(4, 'PR', 'Desarrollador'),
(5, 'AN', 'Analista'),
(6, 'PO', 'Product Owner'),
(7, 'CUS', 'Cliente');
--
-- Volcado de datos para la tabla `equipo_trabajo`
--

INSERT INTO `equipo_trabajo` (`idEquipo_trabajo`, `idProyecto`, `idPersonal`, `idRol`) VALUES
(1, 95, 11, 2),
(2, 46, 40, 1),
(3, 62, 52, 1),
(4, 26, 86, 2),
(5, 44, 67, 1),
(6, 65, 69, 2),
(7, 60, 80, 6),
(8, 90, 89, 1),
(9, 97, 10, 1),
(10, 87, 25, 1),
(11, 98, 95, 4),
(12, 24, 89, 6),
(13, 65, 18, 4),
(14, 88, 87, 1),
(15, 18, 47, 3),
(16, 79, 54, 2),
(17, 86, 70, 3),
(18, 46, 66, 3),
(19, 15, 44, 5),
(20, 67, 36, 1),
(21, 56, 9, 4),
(22, 12, 1, 4),
(23, 27, 44, 3),
(24, 79, 58, 4),
(25, 83, 77, 3),
(26, 98, 6, 2),
(27, 17, 98, 5),
(28, 80, 43, 3),
(29, 80, 22, 4),
(30, 84, 91, 7),
(31, 52, 13, 6),
(32, 24, 79, 5),
(33, 51, 96, 5),
(34, 76, 46, 3),
(35, 72, 23, 2),
(36, 4, 24, 5),
(37, 2, 62, 2),
(38, 85, 45, 7),
(39, 81, 46, 6),
(40, 21, 21, 2),
(41, 18, 89, 6),
(42, 96, 12, 7),
(43, 29, 20, 5),
(44, 13, 100, 7),
(45, 26, 95, 1),
(46, 69, 62, 4),
(47, 1, 94, 5),
(48, 61, 64, 3),
(49, 42, 30, 4),
(50, 10, 39, 3),
(51, 45, 87, 7),
(52, 84, 57, 5),
(53, 60, 86, 6),
(54, 94, 43, 5),
(55, 42, 90, 2),
(56, 48, 97, 1),
(57, 96, 23, 3),
(58, 92, 98, 5),
(59, 85, 15, 7),
(60, 27, 65, 2),
(61, 99, 83, 7),
(62, 10, 61, 7),
(63, 81, 76, 7),
(64, 97, 39, 7),
(65, 5, 93, 6),
(66, 20, 78, 7),
(67, 18, 31, 6),
(68, 45, 34, 3),
(69, 6, 45, 7),
(70, 41, 42, 1),
(71, 93, 17, 4),
(72, 84, 10, 1),
(73, 61, 77, 7),
(74, 29, 64, 2),
(75, 16, 49, 6),
(76, 70, 18, 3),
(77, 85, 84, 3),
(78, 74, 84, 4),
(79, 13, 10, 5),
(80, 93, 74, 5),
(81, 61, 55, 2),
(82, 9, 83, 5),
(83, 61, 54, 4),
(84, 68, 50, 3),
(85, 52, 24, 2),
(86, 15, 91, 6),
(87, 12, 49, 4),
(88, 55, 18, 4),
(89, 14, 85, 2),
(90, 51, 61, 5),
(91, 57, 54, 4),
(92, 42, 23, 2),
(93, 63, 74, 4),
(94, 17, 21, 6),
(95, 93, 85, 5),
(96, 10, 90, 7),
(97, 38, 2, 2),
(98, 53, 30, 1),
(99, 3, 37, 4),
(100, 70, 49, 7);





--
-- Volcado de datos para la tabla `tarea`
--

INSERT INTO `tarea` (`idTarea`, `idProyecto`, `descripcion`, `inicio_plan`, `fin_plan`, `inicio_real`, `fin_real`, `revisado`) VALUES
(1, 74, 'egestas. Duis ac', '2020-08-19', '2021-02-28', NULL, NULL, 0),
(2, 30, 'lectus ante dictum mi, ac', '2020-09-21', '2021-02-07', NULL, NULL, 0),
(3, 19, 'vel arcu eu', '2020-10-06', '2021-01-05', NULL, NULL, 0),
(4, 83, 'orci tincidunt adipiscing. Mauris molestie pharetra nibh.', '2020-08-26', '2021-04-14', NULL, NULL, 0),
(5, 100, 'a ultricies adipiscing, enim mi tempor lorem, eget mollis lectus', '2020-12-17', '2021-07-01', NULL, NULL, 0),
(6, 61, 'turpis. Nulla aliquet. Proin velit. Sed', '2020-12-18', '2021-02-23', NULL, NULL, 0),
(7, 32, 'malesuada fames ac turpis egestas. Fusce aliquet magna a neque.', '2020-08-21', '2021-02-09', NULL, NULL, 0),
(8, 99, 'enim. Nunc ut erat. Sed nunc', '2020-10-17', '2021-04-23', NULL, NULL, 0),
(9, 44, 'cubilia Curae Phasellus ornare. Fusce mollis. Duis sit amet diam', '2020-09-08', '2021-05-22', NULL, NULL, 0),
(10, 46, 'Praesent eu nulla at sem molestie', '2020-08-19', '2021-02-28', NULL, NULL, 0),
(11, 73, 'Quisque fringilla euismod enim.', '2020-10-09', '2021-02-06', NULL, NULL, 0),
(12, 39, 'dictum. Proin eget odio. Aliquam vulputate ullamcorper magna.', '2020-10-08', '2021-07-17', NULL, NULL, 0),
(13, 66, 'ut nisi a odio semper cursus. Integer mollis. Integer tincidunt', '2020-09-05', '2021-07-09', NULL, NULL, 0),
(14, 97, 'mauris blandit mattis. Cras eget nisi', '2020-10-03', '2021-02-16', NULL, NULL, 0),
(15, 50, 'quis accumsan convallis, ante lectus convallis est, vitae sodales', '2020-09-14', '2021-03-16', NULL, NULL, 0),
(16, 37, 'et, rutrum eu, ultrices sit amet, risus. Donec nibh enim,', '2020-12-17', '2021-01-12', NULL, NULL, 0),
(17, 31, 'enim. Etiam gravida molestie', '2020-08-15', '2021-02-28', NULL, NULL, 0),
(18, 87, 'ante ipsum primis in', '2020-12-02', '2021-04-29', NULL, NULL, 0),
(19, 56, 'neque venenatis lacus. Etiam bibendum fermentum', '2020-11-01', '2021-06-25', NULL, NULL, 0),
(20, 89, 'turpis egestas. Fusce aliquet magna a neque. Nullam', '2020-09-24', '2021-04-07', NULL, NULL, 0),
(21, 16, 'malesuada id, erat. Etiam vestibulum', '2020-08-30', '2021-06-19', NULL, NULL, 0),
(22, 2, 'magna. Cras convallis convallis dolor. Quisque tincidunt pede ac', '2020-09-23', '2021-01-27', NULL, NULL, 0),
(23, 63, 'ultricies dignissim lacus.', '2020-08-11', '2021-04-17', NULL, NULL, 0),
(24, 56, 'Class aptent taciti', '2020-11-09', '2021-05-14', NULL, NULL, 0),
(25, 6, 'consectetuer euismod est arcu ac orci. Ut semper pretium neque.', '2020-11-05', '2021-05-08', NULL, NULL, 0),
(26, 5, 'ut aliquam iaculis, lacus pede sagittis', '2020-12-27', '2021-04-29', NULL, NULL, 0),
(27, 43, 'dictum magna. Ut tincidunt orci', '2020-08-30', '2021-02-24', NULL, NULL, 0),
(28, 3, 'odio. Etiam ligula tortor, dictum eu, placerat', '2020-12-19', '2021-04-19', NULL, NULL, 0),
(29, 45, 'risus varius orci, in consequat enim', '2020-11-02', '2021-05-15', NULL, NULL, 0),
(30, 96, 'nisl. Quisque fringilla', '2020-09-24', '2021-07-15', NULL, NULL, 0),
(31, 48, 'felis eget varius ultrices, mauris ipsum porta', '2020-11-06', '2021-06-04', NULL, NULL, 0),
(32, 43, 'ornare, elit elit fermentum risus, at', '2020-11-01', '2021-06-15', NULL, NULL, 0),
(33, 52, 'eget mollis lectus pede et risus. Quisque libero lacus, varius', '2020-10-29', '2021-02-07', NULL, NULL, 0),
(34, 33, 'tincidunt aliquam arcu. Aliquam ultrices iaculis odio. Nam interdum enim', '2020-11-02', '2021-05-18', NULL, NULL, 0),
(35, 52, 'diam lorem, auctor quis, tristique ac, eleifend vitae, erat.', '2020-09-18', '2021-07-20', NULL, NULL, 0),
(36, 62, 'ante lectus convallis est, vitae sodales nisi', '2020-08-06', '2021-06-10', NULL, NULL, 0),
(37, 82, 'turpis vitae purus gravida sagittis. Duis gravida. Praesent eu nulla', '2020-10-10', '2021-04-09', NULL, NULL, 0),
(38, 62, 'Phasellus elit pede, malesuada vel,', '2020-09-18', '2021-07-05', NULL, NULL, 0),
(39, 25, 'magna sed dui. Fusce aliquam,', '2020-08-21', '2021-04-23', NULL, NULL, 0),
(40, 78, 'parturient montes, nascetur ridiculus mus. Proin vel', '2020-08-09', '2021-06-20', NULL, NULL, 0),
(41, 13, 'vehicula et, rutrum eu, ultrices sit amet, risus. Donec nibh', '2020-12-06', '2021-05-13', NULL, NULL, 0),
(42, 66, 'neque. Sed eget lacus. Mauris', '2020-11-12', '2021-06-26', NULL, NULL, 0),
(43, 30, 'amet ante. Vivamus non lorem vitae', '2020-12-09', '2021-02-26', NULL, NULL, 0),
(44, 23, 'ligula eu enim. Etiam imperdiet dictum magna.', '2020-08-11', '2021-05-15', NULL, NULL, 0),
(45, 62, 'nec mauris blandit', '2020-11-06', '2021-07-24', NULL, NULL, 0),
(46, 25, 'eget ipsum. Suspendisse sagittis. Nullam vitae diam. Proin dolor. Nulla', '2020-08-14', '2021-02-13', NULL, NULL, 0),
(47, 7, 'lacus. Quisque imperdiet, erat nonummy ultricies', '2020-10-28', '2021-05-04', NULL, NULL, 0),
(48, 98, 'ut lacus. Nulla tincidunt, neque vitae', '2020-08-02', '2021-02-25', NULL, NULL, 0),
(49, 26, 'Suspendisse dui. Fusce diam nunc, ullamcorper eu,', '2020-12-01', '2021-04-20', NULL, NULL, 0),
(50, 58, 'litora torquent per conubia nostra, per inceptos', '2020-11-29', '2021-06-07', NULL, NULL, 0),
(51, 92, 'mattis ornare, lectus ante dictum mi,', '2020-09-19', '2021-04-21', NULL, NULL, 0),
(52, 3, 'In mi pede, nonummy', '2020-09-08', '2021-05-08', NULL, NULL, 0),
(53, 75, 'tempus mauris erat eget ipsum. Suspendisse sagittis. Nullam vitae', '2020-10-20', '2021-05-26', NULL, NULL, 0),
(54, 10, 'tortor. Integer aliquam adipiscing lacus. Ut nec urna et', '2020-10-01', '2021-04-13', NULL, NULL, 0),
(55, 6, 'non, luctus sit amet, faucibus', '2020-10-23', '2021-03-07', NULL, NULL, 0),
(56, 2, 'mi lorem, vehicula et, rutrum eu, ultrices sit', '2020-10-01', '2021-04-06', NULL, NULL, 0),
(57, 45, 'pede. Praesent eu dui. Cum sociis', '2020-09-20', '2021-01-23', NULL, NULL, 0),
(58, 69, 'et magnis dis parturient', '2020-12-22', '2021-06-23', NULL, NULL, 0),
(59, 24, 'justo nec ante. Maecenas mi felis,', '2020-10-22', '2021-03-22', NULL, NULL, 0),
(60, 91, 'egestas. Fusce aliquet magna a neque.', '2020-12-26', '2021-01-05', NULL, NULL, 0),
(61, 13, 'ut, nulla. Cras eu tellus eu', '2020-08-10', '2021-02-16', NULL, NULL, 0),
(62, 100, 'primis in faucibus orci luctus', '2020-09-21', '2021-03-26', NULL, NULL, 0),
(63, 16, 'Duis ac arcu. Nunc mauris. Morbi', '2020-10-11', '2021-04-10', NULL, NULL, 0),
(64, 89, 'sed pede nec ante', '2020-11-23', '2021-04-04', NULL, NULL, 0),
(65, 48, 'tincidunt. Donec vitae erat vel pede', '2020-12-22', '2021-01-12', NULL, NULL, 0),
(66, 76, 'augue id ante dictum', '2020-09-07', '2021-07-05', NULL, NULL, 0),
(67, 80, 'Nullam lobortis quam a felis', '2020-11-27', '2021-01-15', NULL, NULL, 0),
(68, 3, 'Cras eget nisi', '2020-09-29', '2021-03-02', NULL, NULL, 0),
(69, 58, 'Quisque imperdiet, erat nonummy ultricies ornare, elit elit fermentum risus,', '2020-08-25', '2021-03-31', NULL, NULL, 0),
(70, 36, 'pede, ultrices a,', '2020-10-26', '2021-03-01', NULL, NULL, 0),
(71, 72, 'nec, malesuada ut, sem. Nulla interdum. Curabitur dictum. Phasellus', '2020-12-13', '2021-04-03', NULL, NULL, 0),
(72, 49, 'vulputate mauris sagittis placerat.', '2020-10-30', '2021-04-25', NULL, NULL, 0),
(73, 75, 'dui. Fusce aliquam, enim nec tempus scelerisque, lorem ipsum', '2020-09-16', '2021-03-15', NULL, NULL, 0),
(74, 26, 'vehicula aliquet libero. Integer in magna. Phasellus dolor', '2020-10-02', '2021-05-16', NULL, NULL, 0),
(75, 32, 'Phasellus nulla. Integer vulputate, risus a ultricies adipiscing, enim mi', '2020-11-01', '2021-05-13', NULL, NULL, 0),
(76, 46, 'orci. Donec nibh. Quisque nonummy ipsum', '2020-08-28', '2021-01-27', NULL, NULL, 0),
(77, 32, 'lacus pede sagittis augue, eu', '2020-11-02', '2021-01-04', NULL, NULL, 0),
(78, 13, 'risus. Quisque libero lacus, varius et, euismod et, commodo', '2020-09-22', '2021-01-05', NULL, NULL, 0),
(79, 30, 'semper tellus id nunc interdum feugiat. Sed', '2020-10-08', '2021-01-07', NULL, NULL, 0),
(80, 60, 'sociis natoque penatibus et magnis dis parturient montes, nascetur ridiculus', '2020-08-24', '2021-05-03', NULL, NULL, 0),
(81, 52, 'mauris erat eget ipsum. Suspendisse sagittis. Nullam vitae diam.', '2020-10-06', '2021-01-15', NULL, NULL, 0),
(82, 23, 'Nulla eget metus eu', '2020-08-25', '2021-04-26', NULL, NULL, 0),
(83, 36, 'tortor at risus. Nunc ac sem ut dolor dapibus', '2020-11-03', '2021-03-09', NULL, NULL, 0),
(84, 48, 'consectetuer, cursus et, magna. Praesent interdum ligula eu enim.', '2020-10-29', '2021-03-17', NULL, NULL, 0),
(85, 66, 'ac mattis semper, dui lectus rutrum urna, nec luctus', '2020-12-20', '2021-06-13', NULL, NULL, 0),
(86, 44, 'Fusce fermentum fermentum arcu.', '2020-12-09', '2021-03-04', NULL, NULL, 0),
(87, 1, 'pellentesque a, facilisis non, bibendum sed,', '2020-12-22', '2021-01-28', NULL, NULL, 0),
(88, 48, 'risus. Nulla eget metus eu erat semper rutrum. Fusce', '2020-11-03', '2021-05-10', NULL, NULL, 0),
(89, 16, 'est. Nunc ullamcorper, velit in aliquet', '2020-08-19', '2021-07-13', NULL, NULL, 0),
(90, 71, 'ut quam vel sapien imperdiet ornare. In', '2020-11-14', '2021-05-23', NULL, NULL, 0),
(91, 48, 'ut, sem. Nulla interdum. Curabitur dictum. Phasellus', '2020-12-18', '2021-07-11', NULL, NULL, 0),
(92, 74, 'lobortis augue scelerisque mollis. Phasellus', '2020-10-07', '2021-04-03', NULL, NULL, 0),
(93, 60, 'mauris, rhoncus id, mollis nec, cursus a, enim. Suspendisse aliquet,', '2020-10-18', '2021-01-21', NULL, NULL, 0),
(94, 62, 'Nunc mauris elit, dictum', '2020-10-04', '2021-06-19', NULL, NULL, 0),
(95, 55, 'tempus risus. Donec egestas. Duis ac arcu.', '2020-10-31', '2021-01-31', NULL, NULL, 0),
(96, 48, 'non, luctus sit', '2020-10-29', '2021-05-04', NULL, NULL, 0),
(97, 71, 'augue id ante dictum cursus. Nunc mauris', '2020-10-22', '2021-01-22', NULL, NULL, 0),
(98, 11, 'Sed dictum. Proin eget odio. Aliquam vulputate ullamcorper', '2020-09-14', '2021-06-28', NULL, NULL, 0),
(99, 98, 'vitae diam. Proin dolor. Nulla semper', '2020-08-01', '2021-02-24', NULL, NULL, 0),
(100, 3, 'vulputate, risus a ultricies', '2020-08-29', '2021-06-21', NULL, NULL, 0),
(101, 8, 'non enim. Mauris quis turpis vitae purus gravida', '2020-08-01', '2021-04-08', NULL, NULL, 0),
(102, 35, 'Donec tincidunt. Donec vitae erat vel pede', '2020-10-28', '2021-04-23', NULL, NULL, 0),
(103, 4, 'dictum augue malesuada', '2020-10-31', '2021-06-09', NULL, NULL, 0),
(104, 50, 'facilisi. Sed neque. Sed eget lacus.', '2020-10-03', '2021-03-10', NULL, NULL, 0),
(105, 68, 'metus facilisis lorem', '2020-08-12', '2021-01-05', NULL, NULL, 0),
(106, 80, 'Nulla aliquet. Proin velit. Sed', '2020-12-17', '2021-01-20', NULL, NULL, 0),
(107, 84, 'vehicula et, rutrum eu, ultrices sit amet, risus. Donec', '2020-08-08', '2021-01-05', NULL, NULL, 0),
(108, 32, 'velit eget laoreet posuere, enim nisl elementum purus, accumsan', '2020-08-29', '2021-02-07', NULL, NULL, 0),
(109, 90, 'cubilia Curae Donec tincidunt. Donec vitae erat vel pede blandit', '2020-11-15', '2021-03-01', NULL, NULL, 0),
(110, 28, 'pharetra. Nam ac nulla. In tincidunt', '2020-09-10', '2021-06-07', NULL, NULL, 0),
(111, 89, 'erat semper rutrum. Fusce dolor quam,', '2020-10-10', '2021-01-27', NULL, NULL, 0),
(112, 27, 'mauris eu elit. Nulla facilisi. Sed neque. Sed eget', '2020-12-25', '2021-07-24', NULL, NULL, 0),
(113, 94, 'quis arcu vel quam dignissim', '2020-10-08', '2021-07-07', NULL, NULL, 0),
(114, 76, 'ut quam vel sapien imperdiet ornare. In faucibus. Morbi', '2020-09-04', '2021-07-24', NULL, NULL, 0),
(115, 32, 'erat. Sed nunc est, mollis non, cursus', '2020-11-06', '2021-01-19', NULL, NULL, 0),
(116, 56, 'feugiat placerat velit. Quisque varius. Nam porttitor', '2020-12-24', '2021-03-06', NULL, NULL, 0),
(117, 7, 'tincidunt pede ac urna.', '2020-11-21', '2021-06-28', NULL, NULL, 0),
(118, 98, 'eget ipsum. Suspendisse sagittis. Nullam vitae diam.', '2020-08-14', '2021-03-10', NULL, NULL, 0),
(119, 27, 'sollicitudin adipiscing ligula. Aenean gravida', '2020-12-12', '2021-04-30', NULL, NULL, 0),
(120, 70, 'posuere cubilia Curae Donec tincidunt. Donec vitae', '2020-10-06', '2021-03-24', NULL, NULL, 0),
(121, 7, 'vehicula aliquet libero. Integer in magna. Phasellus dolor elit, pellentesque', '2020-08-08', '2021-02-09', NULL, NULL, 0),
(122, 88, 'vitae diam. Proin dolor. Nulla semper tellus', '2020-10-29', '2021-01-06', NULL, NULL, 0),
(123, 7, 'Suspendisse sed dolor. Fusce mi', '2020-11-06', '2021-01-24', NULL, NULL, 0),
(124, 52, 'quis turpis vitae', '2020-12-05', '2021-01-13', NULL, NULL, 0),
(125, 75, 'Morbi quis urna. Nunc quis arcu vel', '2020-11-25', '2021-01-30', NULL, NULL, 0),
(126, 38, 'Praesent luctus. Curabitur egestas nunc sed', '2020-12-01', '2021-01-09', NULL, NULL, 0),
(127, 7, 'varius orci, in consequat enim', '2020-12-22', '2021-02-24', NULL, NULL, 0),
(128, 85, 'Ut nec urna et arcu', '2020-08-04', '2021-01-16', NULL, NULL, 0),
(129, 95, 'augue ac ipsum. Phasellus vitae mauris sit amet', '2020-09-18', '2021-02-04', NULL, NULL, 0),
(130, 12, 'mauris. Suspendisse aliquet molestie tellus. Aenean', '2020-11-12', '2021-07-06', NULL, NULL, 0),
(131, 87, 'mollis lectus pede et risus. Quisque libero lacus,', '2020-11-26', '2021-02-26', NULL, NULL, 0),
(132, 3, 'augue scelerisque mollis. Phasellus', '2020-08-20', '2021-03-22', NULL, NULL, 0),
(133, 68, 'et magnis dis', '2020-08-23', '2021-04-22', NULL, NULL, 0),
(134, 9, 'lacus vestibulum lorem, sit amet ultricies sem magna nec', '2020-08-03', '2021-04-14', NULL, NULL, 0),
(135, 80, 'auctor ullamcorper, nisl arcu iaculis enim, sit amet ornare lectus', '2020-08-22', '2021-05-11', NULL, NULL, 0),
(136, 37, 'sem. Nulla interdum.', '2020-11-30', '2021-01-23', NULL, NULL, 0),
(137, 53, 'quam dignissim pharetra. Nam', '2020-10-21', '2021-03-22', NULL, NULL, 0),
(138, 92, 'nec, cursus a, enim. Suspendisse aliquet, sem ut cursus', '2020-10-06', '2021-06-09', NULL, NULL, 0),
(139, 43, 'nisi. Aenean eget metus. In nec orci. Donec', '2020-11-08', '2021-07-10', NULL, NULL, 0),
(140, 23, 'montes, nascetur ridiculus mus.', '2020-12-15', '2021-03-16', NULL, NULL, 0),
(141, 48, 'a ultricies adipiscing, enim mi tempor lorem, eget mollis lectus', '2020-09-22', '2021-06-03', NULL, NULL, 0),
(142, 9, 'aliquam eu, accumsan sed, facilisis vitae, orci. Phasellus dapibus quam', '2020-11-17', '2021-04-08', NULL, NULL, 0),
(143, 56, 'augue porttitor interdum. Sed auctor odio', '2020-09-28', '2021-03-27', NULL, NULL, 0),
(144, 64, 'amet ante. Vivamus non lorem vitae odio sagittis', '2020-10-02', '2021-04-26', NULL, NULL, 0),
(145, 96, 'et tristique pellentesque, tellus sem mollis dui, in', '2020-08-30', '2021-07-19', NULL, NULL, 0),
(146, 88, 'vel, faucibus id, libero. Donec consectetuer mauris id sapien. Cras', '2020-09-30', '2021-01-07', NULL, NULL, 0),
(147, 38, 'neque vitae semper egestas, urna justo', '2020-10-10', '2021-06-28', NULL, NULL, 0),
(148, 31, 'adipiscing fringilla, porttitor vulputate, posuere vulputate, lacus.', '2020-12-06', '2021-05-21', NULL, NULL, 0),
(149, 53, 'Integer in magna. Phasellus dolor elit, pellentesque', '2020-12-20', '2021-03-22', NULL, NULL, 0),
(150, 56, 'Nunc sollicitudin commodo', '2020-10-05', '2021-05-25', NULL, NULL, 0),
(151, 57, 'pellentesque. Sed dictum. Proin eget', '2020-08-04', '2021-06-30', NULL, NULL, 0),
(152, 27, 'at, velit. Pellentesque ultricies', '2020-11-07', '2021-03-01', NULL, NULL, 0),
(153, 43, 'nec, diam. Duis', '2020-11-17', '2021-03-30', NULL, NULL, 0),
(154, 36, 'mollis nec, cursus a, enim. Suspendisse aliquet, sem ut', '2020-08-23', '2021-07-25', NULL, NULL, 0),
(155, 2, 'id enim. Curabitur massa. Vestibulum accumsan neque', '2020-11-25', '2021-05-04', NULL, NULL, 0),
(156, 68, 'Sed nunc est, mollis non, cursus non, egestas', '2020-08-13', '2021-03-29', NULL, NULL, 0),
(157, 25, 'ornare. In faucibus. Morbi vehicula.', '2020-08-30', '2021-04-08', NULL, NULL, 0),
(158, 33, 'neque. Morbi quis urna. Nunc quis arcu vel quam dignissim', '2020-10-21', '2021-07-12', '2020-07-26', NULL, 0),
(159, 11, 'egestas, urna justo faucibus lectus, a sollicitudin', '2020-09-15', '2021-03-28', NULL, NULL, 0),
(160, 84, 'eget mollis lectus', '2020-12-02', '2021-03-25', NULL, NULL, 0),
(161, 11, 'facilisis non, bibendum sed, est. Nunc laoreet lectus quis', '2020-11-25', '2021-07-07', NULL, NULL, 0),
(162, 15, 'eget massa. Suspendisse eleifend.', '2020-11-20', '2021-02-20', NULL, NULL, 0),
(163, 66, 'sit amet, consectetuer adipiscing elit. Etiam laoreet,', '2020-12-10', '2021-07-04', NULL, NULL, 0),
(164, 46, 'nibh. Quisque nonummy ipsum non arcu. Vivamus', '2020-09-07', '2021-03-19', NULL, NULL, 0),
(165, 29, 'fermentum arcu. Vestibulum ante ipsum primis', '2020-12-05', '2021-06-22', NULL, NULL, 0),
(166, 45, 'lobortis quam a felis ullamcorper viverra.', '2020-12-23', '2021-02-22', NULL, NULL, 0),
(167, 4, 'cursus, diam at pretium', '2020-10-26', '2021-07-07', NULL, NULL, 0),
(168, 21, 'ultricies ligula. Nullam enim. Sed nulla ante, iaculis', '2020-08-03', '2021-02-24', NULL, NULL, 0),
(169, 13, 'non quam. Pellentesque', '2020-11-14', '2021-04-04', NULL, NULL, 0),
(170, 28, 'nec, malesuada ut, sem. Nulla', '2020-11-29', '2021-07-20', NULL, NULL, 0),
(171, 92, 'felis eget varius ultrices, mauris', '2020-12-24', '2021-06-30', NULL, NULL, 0),
(172, 26, 'Phasellus dapibus quam quis diam. Pellentesque', '2020-09-06', '2021-06-26', NULL, NULL, 0),
(173, 97, 'risus a ultricies adipiscing,', '2020-08-08', '2021-07-15', NULL, NULL, 0),
(174, 45, 'urna et arcu imperdiet ullamcorper. Duis at lacus. Quisque purus', '2020-08-08', '2021-04-20', NULL, NULL, 0),
(175, 27, 'eu, euismod ac,', '2020-11-06', '2021-03-25', NULL, NULL, 0),
(176, 11, 'sagittis placerat. Cras dictum ultricies ligula. Nullam enim. Sed', '2020-12-22', '2021-04-09', NULL, NULL, 0),
(177, 68, 'diam luctus lobortis. Class', '2020-12-21', '2021-04-12', NULL, NULL, 0),
(178, 11, 'tellus non magna. Nam ligula elit,', '2020-12-15', '2021-07-09', NULL, NULL, 0),
(179, 72, 'ligula. Nullam enim. Sed', '2020-09-22', '2021-03-17', NULL, NULL, 0),
(180, 100, 'tincidunt orci quis', '2020-12-07', '2021-01-26', NULL, NULL, 0),
(181, 88, 'Pellentesque tincidunt tempus risus.', '2020-12-13', '2021-03-13', NULL, NULL, 0),
(182, 53, 'vulputate, risus a', '2020-11-19', '2021-04-02', NULL, NULL, 0),
(183, 60, 'Donec tempus, lorem fringilla ornare', '2020-09-06', '2021-07-07', NULL, NULL, 0),
(184, 39, 'metus facilisis lorem tristique aliquet. Phasellus fermentum convallis', '2020-12-28', '2021-05-31', NULL, NULL, 0),
(185, 5, 'diam eu dolor egestas', '2020-12-20', '2021-07-12', NULL, NULL, 0),
(186, 16, 'nulla ante, iaculis nec, eleifend non,', '2020-09-02', '2021-06-17', NULL, NULL, 0),
(187, 74, 'et nunc. Quisque ornare', '2020-12-18', '2021-03-15', NULL, NULL, 0),
(188, 96, 'risus a ultricies adipiscing,', '2020-11-30', '2021-01-01', NULL, NULL, 0),
(189, 48, 'inceptos hymenaeos. Mauris ut quam vel sapien imperdiet', '2020-11-09', '2021-01-19', NULL, NULL, 0),
(190, 96, 'in felis. Nulla tempor augue ac ipsum. Phasellus vitae mauris', '2020-09-17', '2021-01-31', NULL, NULL, 0),
(191, 41, 'semper tellus id nunc interdum feugiat. Sed nec metus facilisis', '2020-09-17', '2021-02-19', NULL, NULL, 0),
(192, 15, 'sem molestie sodales. Mauris blandit', '2020-08-14', '2021-06-06', NULL, NULL, 0),
(193, 42, 'Donec consectetuer mauris id sapien. Cras dolor', '2020-10-23', '2021-04-13', NULL, NULL, 0),
(194, 56, 'vel, faucibus id,', '2020-10-16', '2021-07-13', NULL, NULL, 0),
(195, 12, 'odio. Etiam ligula tortor, dictum eu, placerat eget, venenatis a,', '2020-09-24', '2021-05-31', NULL, NULL, 0),
(196, 14, 'Duis risus odio, auctor vitae, aliquet nec, imperdiet nec,', '2020-11-12', '2021-05-13', NULL, NULL, 0),
(197, 98, 'accumsan sed, facilisis vitae, orci. Phasellus dapibus quam', '2020-09-28', '2021-02-10', NULL, NULL, 0),
(198, 94, 'dolor, tempus non,', '2020-09-01', '2021-02-16', NULL, NULL, 0),
(199, 67, 'lacus. Etiam bibendum fermentum metus. Aenean sed pede nec', '2020-08-08', '2021-03-21', NULL, NULL, 0),
(200, 86, 'a sollicitudin orci sem', '2020-11-12', '2021-06-19', NULL, NULL, 0),
(201, 86, 'nec, eleifend non,', '2020-12-11', '2021-02-28', NULL, NULL, 0),
(202, 12, 'gravida non, sollicitudin a, malesuada id, erat.', '2020-10-02', '2021-05-06', NULL, NULL, 0),
(203, 97, 'in, cursus et, eros. Proin ultrices. Duis volutpat', '2020-09-22', '2021-07-23', NULL, NULL, 0),
(204, 5, 'fermentum fermentum arcu. Vestibulum ante ipsum primis in faucibus orci', '2020-10-26', '2021-01-26', NULL, NULL, 0),
(205, 2, 'sagittis placerat. Cras dictum ultricies ligula.', '2020-08-06', '2021-05-31', NULL, NULL, 0),
(206, 83, 'Donec tempus, lorem fringilla', '2020-11-08', '2021-01-08', NULL, NULL, 0),
(207, 36, 'dictum placerat, augue. Sed molestie.', '2020-09-16', '2021-04-16', NULL, NULL, 0),
(208, 80, 'Sed id risus quis diam', '2020-11-12', '2021-02-04', NULL, NULL, 0),
(209, 65, 'et arcu imperdiet', '2020-11-02', '2021-01-27', NULL, NULL, 0),
(210, 27, 'magna. Praesent interdum ligula eu enim.', '2020-08-13', '2021-04-17', NULL, NULL, 0),
(211, 64, 'Phasellus fermentum convallis ligula. Donec luctus', '2020-09-21', '2021-02-14', NULL, NULL, 0),
(212, 26, 'Quisque fringilla euismod enim. Etiam gravida molestie arcu. Sed eu', '2020-10-10', '2021-07-04', NULL, NULL, 0),
(213, 7, 'semper rutrum. Fusce dolor', '2020-12-28', '2021-03-18', NULL, NULL, 0),
(214, 15, 'nibh dolor, nonummy ac, feugiat non, lobortis', '2020-10-29', '2021-01-01', NULL, NULL, 0),
(215, 82, 'rutrum magna. Cras convallis convallis dolor. Quisque tincidunt pede ac', '2020-11-06', '2021-05-28', NULL, NULL, 0),
(216, 11, 'nec ante. Maecenas mi felis, adipiscing', '2020-10-14', '2021-03-28', NULL, NULL, 0),
(217, 21, 'tincidunt nibh. Phasellus nulla. Integer vulputate, risus', '2020-12-06', '2021-05-07', NULL, NULL, 0),
(218, 53, 'magna nec quam. Curabitur vel lectus.', '2020-08-11', '2021-01-02', NULL, NULL, 0),
(219, 36, 'imperdiet nec, leo.', '2020-10-30', '2021-05-30', NULL, NULL, 0),
(220, 23, 'vehicula aliquet libero. Integer in magna. Phasellus', '2020-10-25', '2021-04-28', NULL, NULL, 0),
(221, 76, 'facilisis vitae, orci. Phasellus dapibus quam', '2020-09-06', '2021-07-05', NULL, NULL, 0),
(222, 39, 'sem mollis dui, in sodales elit erat vitae', '2020-12-13', '2021-05-05', NULL, NULL, 0),
(223, 92, 'elementum at, egestas a, scelerisque sed, sapien. Nunc pulvinar arcu', '2020-11-19', '2021-03-20', NULL, NULL, 0),
(224, 99, 'Integer vulputate, risus a ultricies adipiscing, enim mi tempor', '2020-10-11', '2021-01-30', NULL, NULL, 0),
(225, 58, 'sem, vitae aliquam eros turpis non enim. Mauris', '2020-08-15', '2021-04-19', NULL, NULL, 0),
(226, 31, 'Nam nulla magna, malesuada vel, convallis in,', '2020-09-02', '2021-01-04', NULL, NULL, 0),
(227, 13, 'eu tellus. Phasellus elit pede, malesuada vel, venenatis vel, faucibus', '2020-08-11', '2021-01-06', NULL, NULL, 0),
(228, 100, 'netus et malesuada fames', '2020-10-12', '2021-06-17', NULL, NULL, 0),
(229, 28, 'libero et tristique pellentesque, tellus sem', '2020-11-06', '2021-07-22', NULL, NULL, 0),
(230, 97, 'gravida nunc sed pede. Cum sociis', '2020-09-30', '2021-05-04', NULL, NULL, 0),
(231, 60, 'in, dolor. Fusce feugiat.', '2020-10-11', '2021-02-12', NULL, NULL, 0),
(232, 11, 'egestas. Duis ac arcu. Nunc mauris.', '2020-12-07', '2021-04-19', NULL, NULL, 0),
(233, 17, 'dui, in sodales', '2020-11-22', '2021-06-09', NULL, NULL, 0),
(234, 68, 'Duis elementum, dui', '2020-10-24', '2021-01-05', NULL, NULL, 0),
(235, 93, 'neque vitae semper egestas, urna justo faucibus lectus, a', '2020-09-08', '2021-07-08', NULL, NULL, 0),
(236, 80, 'tellus faucibus leo, in lobortis', '2020-12-23', '2021-07-01', NULL, NULL, 0),
(237, 91, 'neque. Sed eget', '2020-09-20', '2021-05-01', NULL, NULL, 0),
(238, 95, 'interdum ligula eu enim. Etiam imperdiet dictum magna.', '2020-11-03', '2021-05-16', NULL, NULL, 0),
(239, 31, 'lobortis quam a felis ullamcorper viverra. Maecenas', '2020-11-10', '2021-04-24', NULL, NULL, 0),
(240, 83, 'ullamcorper. Duis cursus, diam at pretium aliquet, metus', '2020-12-11', '2021-02-13', NULL, NULL, 0),
(241, 74, 'nisl. Nulla eu', '2020-09-22', '2021-01-29', NULL, NULL, 0),
(242, 69, 'malesuada vel, venenatis vel, faucibus id, libero. Donec', '2020-12-30', '2021-04-11', NULL, NULL, 0),
(243, 54, 'nec mauris blandit mattis. Cras eget nisi dictum augue', '2020-11-17', '2021-02-15', NULL, NULL, 0),
(244, 82, 'quam quis diam. Pellentesque habitant morbi tristique senectus et', '2020-09-13', '2021-03-06', NULL, NULL, 0),
(245, 64, 'quis accumsan convallis, ante lectus convallis est, vitae sodales', '2020-09-10', '2021-07-15', NULL, NULL, 0),
(246, 62, 'ornare. In faucibus. Morbi vehicula. Pellentesque tincidunt tempus', '2020-10-16', '2021-01-11', NULL, NULL, 0),
(247, 76, 'sollicitudin commodo ipsum. Suspendisse non leo. Vivamus nibh dolor,', '2020-12-08', '2021-04-19', NULL, NULL, 0),
(248, 98, 'convallis ligula. Donec luctus aliquet', '2020-12-23', '2021-07-24', NULL, NULL, 0),
(249, 80, 'Sed molestie. Sed id risus quis diam luctus lobortis.', '2020-08-09', '2021-07-07', NULL, NULL, 0),
(250, 3, 'eget laoreet posuere, enim nisl elementum', '2020-10-05', '2021-06-14', NULL, NULL, 0),
(251, 75, 'Donec tempus, lorem fringilla ornare placerat,', '2020-08-23', '2021-03-29', NULL, NULL, 0),
(252, 50, 'in sodales elit erat vitae risus.', '2020-09-29', '2021-07-25', NULL, NULL, 0),
(253, 45, 'sit amet, faucibus ut, nulla. Cras eu tellus', '2020-08-24', '2021-06-12', NULL, NULL, 0),
(254, 80, 'tellus, imperdiet non, vestibulum nec, euismod in, dolor. Fusce', '2020-08-05', '2021-02-08', NULL, NULL, 0),
(255, 4, 'feugiat metus sit amet ante. Vivamus non lorem vitae', '2020-08-16', '2021-01-14', NULL, NULL, 0),
(256, 81, 'felis orci, adipiscing non, luctus sit', '2020-11-26', '2021-05-19', NULL, NULL, 0),
(257, 81, 'leo. Morbi neque tellus, imperdiet non, vestibulum', '2020-12-14', '2021-02-19', NULL, NULL, 0),
(258, 94, 'elit sed consequat auctor, nunc', '2020-12-13', '2021-02-23', NULL, NULL, 0),
(259, 52, 'metus urna convallis', '2020-10-24', '2021-05-06', NULL, NULL, 0),
(260, 52, 'est mauris, rhoncus id, mollis nec, cursus a, enim. Suspendisse', '2020-08-14', '2021-03-05', NULL, NULL, 0),
(261, 90, 'Cras dolor dolor, tempus non, lacinia at, iaculis quis,', '2020-11-27', '2021-06-05', NULL, NULL, 0),
(262, 58, 'dolor. Nulla semper tellus', '2020-08-02', '2021-04-03', NULL, NULL, 0),
(263, 42, 'orci tincidunt adipiscing. Mauris molestie pharetra nibh.', '2020-11-08', '2021-03-01', NULL, NULL, 0),
(264, 95, 'euismod mauris eu elit. Nulla facilisi. Sed neque. Sed', '2020-08-19', '2021-02-01', NULL, NULL, 0),
(265, 90, 'convallis ligula. Donec luctus aliquet odio. Etiam', '2020-12-21', '2021-06-10', NULL, NULL, 0),
(266, 7, 'sagittis. Duis gravida. Praesent eu nulla at', '2020-11-16', '2021-01-21', NULL, NULL, 0),
(267, 36, 'ornare lectus justo', '2020-08-10', '2021-07-06', NULL, NULL, 0),
(268, 14, 'commodo auctor velit. Aliquam nisl. Nulla eu', '2020-08-31', '2021-05-27', NULL, NULL, 0),
(269, 43, 'ipsum. Suspendisse non leo. Vivamus nibh', '2020-10-27', '2021-06-14', NULL, NULL, 0),
(270, 81, 'neque venenatis lacus. Etiam bibendum fermentum', '2020-09-09', '2021-02-07', NULL, NULL, 0),
(271, 29, 'dolor. Fusce mi lorem, vehicula', '2020-12-10', '2021-02-27', NULL, NULL, 0),
(272, 13, 'dolor. Nulla semper tellus id nunc interdum feugiat.', '2020-08-07', '2021-06-30', NULL, NULL, 0),
(273, 90, 'aliquet vel, vulputate eu, odio.', '2020-10-12', '2021-04-27', NULL, NULL, 0),
(274, 9, 'faucibus id, libero. Donec consectetuer mauris id sapien. Cras', '2020-12-15', '2021-04-02', NULL, NULL, 0),
(275, 9, 'ante ipsum primis in faucibus orci luctus et ultrices posuere', '2020-08-26', '2021-07-20', NULL, NULL, 0),
(276, 78, 'sit amet ornare lectus justo eu arcu.', '2020-10-17', '2021-04-12', NULL, NULL, 0),
(277, 62, 'sagittis placerat. Cras dictum ultricies ligula.', '2020-10-29', '2021-03-17', NULL, NULL, 0),
(278, 70, 'tempor diam dictum sapien. Aenean massa. Integer vitae nibh.', '2020-10-01', '2021-05-06', NULL, NULL, 0),
(279, 16, 'dictum. Phasellus in felis. Nulla tempor', '2020-10-03', '2021-02-28', NULL, NULL, 0),
(280, 35, 'est. Mauris eu turpis. Nulla', '2020-09-18', '2021-05-08', NULL, NULL, 0),
(281, 64, 'diam. Sed diam lorem, auctor quis, tristique', '2020-12-27', '2021-03-11', NULL, NULL, 0),
(282, 38, 'Nunc pulvinar arcu et', '2020-10-13', '2021-01-24', NULL, NULL, 0),
(283, 52, 'feugiat. Lorem ipsum', '2020-10-17', '2021-03-31', NULL, NULL, 0),
(284, 35, 'dolor egestas rhoncus. Proin nisl sem, consequat', '2020-10-26', '2021-04-09', NULL, NULL, 0),
(285, 68, 'amet, consectetuer adipiscing elit. Etiam laoreet,', '2020-09-27', '2021-02-06', NULL, NULL, 0),
(286, 89, 'varius et, euismod et, commodo at, libero. Morbi accumsan', '2020-09-20', '2021-01-09', NULL, NULL, 0),
(287, 70, 'mattis. Integer eu lacus. Quisque imperdiet, erat nonummy', '2020-12-02', '2021-07-22', NULL, NULL, 0),
(288, 66, 'convallis erat, eget tincidunt', '2020-11-29', '2021-01-23', NULL, NULL, 0),
(289, 8, 'dui. Fusce aliquam, enim nec tempus', '2020-12-13', '2021-07-17', NULL, NULL, 0),
(290, 45, 'egestas rhoncus. Proin nisl sem, consequat nec, mollis vitae,', '2020-10-07', '2021-07-03', NULL, NULL, 0),
(291, 15, 'odio, auctor vitae, aliquet nec,', '2020-12-26', '2021-02-13', NULL, NULL, 0),
(292, 100, 'ipsum. Suspendisse non leo. Vivamus nibh', '2020-09-21', '2021-02-27', NULL, NULL, 0),
(293, 50, 'feugiat tellus lorem eu metus. In lorem. Donec elementum, lorem', '2020-08-26', '2021-03-28', NULL, NULL, 0),
(294, 36, 'tempor diam dictum sapien. Aenean massa. Integer vitae', '2020-10-24', '2021-01-15', NULL, NULL, 0),
(295, 62, 'semper, dui lectus rutrum urna, nec luctus felis', '2020-08-03', '2021-01-09', NULL, NULL, 0),
(296, 37, 'suscipit nonummy. Fusce fermentum fermentum arcu. Vestibulum ante ipsum primis', '2020-10-21', '2021-01-28', NULL, NULL, 0),
(297, 6, 'Maecenas iaculis aliquet diam. Sed diam lorem, auctor quis, tristique', '2020-11-08', '2021-02-23', NULL, NULL, 0),
(298, 82, 'Fusce fermentum fermentum arcu.', '2020-10-28', '2021-06-03', NULL, NULL, 0),
(299, 10, 'diam at pretium aliquet, metus urna', '2020-10-20', '2021-07-14', NULL, NULL, 0),
(300, 69, 'Fusce feugiat. Lorem ipsum dolor sit amet,', '2020-08-12', '2021-06-23', NULL, NULL, 0),
(301, 17, 'mauris erat eget ipsum. Suspendisse sagittis. Nullam vitae diam. Proin', '2020-10-05', '2021-06-11', NULL, NULL, 0),
(302, 81, 'scelerisque dui. Suspendisse ac metus vitae velit egestas lacinia. Sed', '2020-11-02', '2021-04-23', NULL, NULL, 0),
(303, 79, 'rutrum. Fusce dolor quam, elementum at, egestas a, scelerisque', '2020-11-05', '2021-03-09', NULL, NULL, 0),
(304, 48, 'eu, euismod ac, fermentum vel, mauris.', '2020-09-04', '2021-02-08', NULL, NULL, 0),
(305, 33, 'ac sem ut dolor dapibus gravida. Aliquam tincidunt, nunc ac', '2020-12-11', '2021-06-21', NULL, NULL, 0),
(306, 46, 'laoreet, libero et tristique pellentesque, tellus sem mollis dui, in', '2020-11-05', '2021-04-30', NULL, NULL, 0),
(307, 43, 'pellentesque, tellus sem mollis dui, in sodales elit', '2020-08-05', '2021-02-05', NULL, NULL, 0),
(308, 62, 'aliquet libero. Integer in magna. Phasellus dolor elit, pellentesque', '2020-09-17', '2021-03-01', NULL, NULL, 0),
(309, 89, 'non, vestibulum nec, euismod in,', '2020-10-17', '2021-06-06', NULL, NULL, 0),
(310, 83, 'mi, ac mattis velit justo', '2020-11-14', '2021-06-23', NULL, NULL, 0),
(311, 73, 'eu odio tristique pharetra. Quisque', '2020-08-13', '2021-01-01', NULL, NULL, 0),
(312, 95, 'nec, diam. Duis', '2020-09-07', '2021-02-15', NULL, NULL, 0),
(313, 3, 'velit. Quisque varius. Nam porttitor scelerisque neque. Nullam', '2020-10-10', '2021-06-05', NULL, NULL, 0),
(314, 31, 'luctus sit amet, faucibus', '2020-10-18', '2021-03-27', NULL, NULL, 0),
(315, 57, 'neque et nunc.', '2020-10-28', '2021-07-07', NULL, NULL, 0),
(316, 39, 'velit. Pellentesque ultricies dignissim', '2020-10-18', '2021-04-26', NULL, NULL, 0),
(317, 54, 'convallis ligula. Donec luctus aliquet odio. Etiam', '2020-09-08', '2021-06-22', NULL, NULL, 0),
(318, 75, 'vitae, erat. Vivamus nisi. Mauris nulla.', '2020-10-11', '2021-07-15', NULL, NULL, 0),
(319, 91, 'velit. Aliquam nisl. Nulla eu neque pellentesque', '2020-10-26', '2021-04-11', NULL, NULL, 0),
(320, 29, 'netus et malesuada fames ac turpis egestas.', '2020-08-14', '2021-02-16', NULL, NULL, 0),
(321, 27, 'dui augue eu tellus. Phasellus elit pede, malesuada', '2020-11-28', '2021-04-10', NULL, NULL, 0),
(322, 76, 'nec luctus felis purus ac tellus. Suspendisse sed dolor.', '2020-08-28', '2021-02-22', NULL, NULL, 0),
(323, 12, 'Nunc laoreet lectus quis massa. Mauris vestibulum, neque sed', '2020-10-13', '2021-05-07', NULL, NULL, 0),
(324, 35, 'ligula. Aliquam erat volutpat. Nulla dignissim.', '2020-08-06', '2021-01-13', NULL, NULL, 0),
(325, 93, 'scelerisque, lorem ipsum sodales purus, in', '2020-11-23', '2021-03-25', NULL, NULL, 0),
(326, 20, 'quis, tristique ac, eleifend vitae, erat. Vivamus', '2020-08-13', '2021-05-04', NULL, NULL, 0),
(327, 2, 'Duis volutpat nunc sit amet metus.', '2020-08-12', '2021-02-20', NULL, NULL, 0),
(328, 49, 'Cum sociis natoque penatibus et magnis dis parturient montes,', '2020-08-22', '2021-01-26', NULL, NULL, 0),
(329, 82, 'dictum eu, eleifend', '2020-11-30', '2021-05-02', NULL, NULL, 0),
(330, 7, 'nunc nulla vulputate dui, nec tempus mauris erat eget ipsum.', '2020-08-16', '2021-06-16', NULL, NULL, 0),
(331, 33, 'pede nec ante blandit viverra. Donec', '2020-08-15', '2021-02-23', NULL, NULL, 0),
(332, 70, 'sapien. Cras dolor', '2020-08-09', '2021-06-07', NULL, NULL, 0),
(333, 43, 'risus varius orci, in consequat enim diam vel arcu. Curabitur', '2020-08-09', '2021-04-16', NULL, NULL, 0),
(334, 25, 'Nulla facilisis. Suspendisse commodo', '2020-12-02', '2021-04-15', NULL, NULL, 0),
(335, 31, 'placerat, orci lacus vestibulum lorem, sit amet', '2020-08-23', '2021-02-03', NULL, NULL, 0),
(336, 37, 'ac metus vitae velit egestas lacinia. Sed', '2020-10-15', '2021-01-28', NULL, NULL, 0),
(337, 66, 'arcu. Curabitur ut odio vel est tempor', '2020-08-29', '2021-06-10', NULL, NULL, 0),
(338, 68, 'nibh lacinia orci, consectetuer euismod est', '2020-08-13', '2021-01-02', NULL, NULL, 0),
(339, 14, 'parturient montes, nascetur ridiculus', '2020-10-10', '2021-07-08', NULL, NULL, 0),
(340, 90, 'rutrum. Fusce dolor quam, elementum at, egestas', '2020-12-11', '2021-03-03', NULL, NULL, 0),
(341, 7, 'sit amet luctus vulputate, nisi sem', '2020-09-02', '2021-06-16', NULL, NULL, 0),
(342, 28, 'adipiscing lacus. Ut nec urna et arcu imperdiet ullamcorper.', '2020-12-08', '2021-02-21', NULL, NULL, 0),
(343, 79, 'imperdiet dictum magna. Ut', '2020-11-06', '2021-04-13', NULL, NULL, 0),
(344, 61, 'ac nulla. In', '2020-11-29', '2021-01-11', NULL, NULL, 0),
(345, 25, 'pede. Nunc sed orci lobortis augue scelerisque', '2020-12-01', '2021-05-20', NULL, NULL, 0),
(346, 21, 'Sed nec metus facilisis lorem', '2020-12-05', '2021-03-16', NULL, NULL, 0),
(347, 45, 'In at pede. Cras', '2020-12-07', '2021-03-28', NULL, NULL, 0),
(348, 22, 'a odio semper cursus.', '2020-08-19', '2021-02-05', NULL, NULL, 0),
(349, 7, 'euismod est arcu ac orci.', '2020-09-29', '2021-01-17', NULL, NULL, 0),
(350, 64, 'bibendum sed, est. Nunc laoreet lectus', '2020-08-17', '2021-04-09', NULL, NULL, 0),
(351, 53, 'mattis. Cras eget nisi dictum augue malesuada malesuada. Integer', '2020-11-23', '2021-02-09', NULL, NULL, 0),
(352, 87, 'pede sagittis augue, eu tempor', '2020-09-24', '2021-07-07', NULL, NULL, 0),
(353, 88, 'ac libero nec ligula consectetuer', '2020-09-03', '2021-02-14', NULL, NULL, 0),
(354, 96, 'non ante bibendum ullamcorper. Duis cursus,', '2020-10-01', '2021-04-04', NULL, NULL, 0),
(355, 74, 'quis lectus. Nullam suscipit, est ac facilisis facilisis, magna', '2020-11-09', '2021-06-09', NULL, NULL, 0),
(356, 13, 'ac turpis egestas.', '2020-11-18', '2021-07-02', NULL, NULL, 0),
(357, 46, 'non, lobortis quis, pede. Suspendisse dui. Fusce diam nunc, ullamcorper', '2020-11-23', '2021-03-05', NULL, NULL, 0),
(358, 56, 'placerat. Cras dictum', '2020-10-28', '2021-04-06', NULL, NULL, 0),
(359, 11, 'ut lacus. Nulla tincidunt, neque vitae', '2020-11-28', '2021-03-21', NULL, NULL, 0),
(360, 74, 'rutrum eu, ultrices', '2020-10-10', '2021-06-06', NULL, NULL, 0),
(361, 9, 'Quisque imperdiet, erat nonummy ultricies ornare, elit elit', '2020-12-25', '2021-04-07', NULL, NULL, 0),
(362, 70, 'nisi. Aenean eget metus. In nec orci. Donec nibh.', '2020-08-15', '2021-03-16', NULL, NULL, 0),
(363, 74, 'ultrices. Vivamus rhoncus. Donec', '2020-09-14', '2021-03-14', NULL, NULL, 0),
(364, 91, 'sed, sapien. Nunc', '2020-12-26', '2021-03-18', NULL, NULL, 0),
(365, 57, 'metus eu erat semper rutrum. Fusce dolor quam,', '2020-12-12', '2021-05-13', NULL, NULL, 0),
(366, 48, 'imperdiet ornare. In faucibus. Morbi vehicula. Pellentesque tincidunt', '2020-09-05', '2021-03-13', NULL, NULL, 0),
(367, 100, 'odio a purus.', '2020-08-22', '2021-05-10', NULL, NULL, 0),
(368, 77, 'purus. Nullam scelerisque neque sed', '2020-10-28', '2021-05-06', NULL, NULL, 0),
(369, 59, 'at risus. Nunc ac sem ut dolor dapibus', '2020-11-09', '2021-03-18', NULL, NULL, 0),
(370, 77, 'non quam. Pellentesque habitant morbi tristique senectus et netus', '2020-11-18', '2021-05-24', NULL, NULL, 0),
(371, 5, 'dolor. Fusce feugiat. Lorem', '2020-09-22', '2021-01-05', NULL, NULL, 0),
(372, 72, 'enim. Curabitur massa. Vestibulum accumsan neque et', '2020-09-04', '2021-07-12', NULL, NULL, 0),
(373, 72, 'ante ipsum primis in faucibus orci luctus et ultrices', '2020-09-11', '2021-01-05', NULL, NULL, 0),
(374, 82, 'non arcu. Vivamus sit amet risus. Donec egestas.', '2020-11-01', '2021-06-15', NULL, NULL, 0),
(375, 90, 'Nunc ut erat. Sed', '2020-08-11', '2021-03-14', NULL, NULL, 0),
(376, 48, 'sollicitudin commodo ipsum. Suspendisse non leo. Vivamus nibh dolor, nonummy', '2020-10-26', '2021-04-14', NULL, NULL, 0),
(377, 95, 'ac facilisis facilisis, magna tellus faucibus', '2020-12-01', '2021-04-25', NULL, NULL, 0),
(378, 62, 'ultricies ligula. Nullam enim. Sed nulla ante,', '2020-08-07', '2021-03-27', NULL, NULL, 0),
(379, 36, 'neque vitae semper egestas, urna', '2020-08-06', '2021-05-29', NULL, NULL, 0),
(380, 94, 'malesuada malesuada. Integer id magna et ipsum', '2020-11-17', '2021-07-01', NULL, NULL, 0),
(381, 12, 'elementum, dui quis', '2020-11-05', '2021-02-27', NULL, NULL, 0),
(382, 60, 'enim, gravida sit amet, dapibus id, blandit at, nisi. Cum', '2020-08-31', '2021-04-24', NULL, NULL, 0),
(383, 29, 'scelerisque scelerisque dui.', '2020-09-09', '2021-05-17', NULL, NULL, 0),
(384, 5, 'Morbi quis urna.', '2020-10-18', '2021-04-04', NULL, NULL, 0),
(385, 71, 'accumsan laoreet ipsum. Curabitur consequat, lectus sit', '2020-08-18', '2021-02-07', NULL, NULL, 0),
(386, 23, 'et, euismod et, commodo at, libero. Morbi accumsan', '2020-08-25', '2021-04-14', NULL, NULL, 0),
(387, 60, 'ipsum dolor sit', '2020-09-08', '2021-06-05', NULL, NULL, 0),
(388, 25, 'Vivamus euismod urna. Nullam lobortis quam', '2020-10-23', '2021-04-17', NULL, NULL, 0),
(389, 17, 'facilisis eget, ipsum. Donec sollicitudin adipiscing ligula. Aenean gravida nunc', '2020-12-06', '2021-03-25', NULL, NULL, 0),
(390, 49, 'pede. Suspendisse dui. Fusce diam nunc, ullamcorper eu,', '2020-08-08', '2021-05-19', NULL, NULL, 0),
(391, 84, 'lobortis. Class aptent taciti sociosqu ad litora torquent per', '2020-08-16', '2021-05-12', NULL, NULL, 0),
(392, 54, 'consequat enim diam vel arcu. Curabitur ut', '2020-10-12', '2021-05-22', NULL, NULL, 0),
(393, 88, 'blandit congue. In scelerisque scelerisque dui. Suspendisse', '2020-08-16', '2021-02-02', NULL, NULL, 0),
(394, 3, 'lacus. Cras interdum. Nunc', '2020-09-16', '2021-05-20', NULL, NULL, 0),
(395, 71, 'Morbi quis urna. Nunc quis arcu vel quam dignissim', '2020-12-02', '2021-04-27', NULL, NULL, 0),
(396, 6, 'Quisque imperdiet, erat nonummy ultricies ornare, elit', '2020-11-12', '2021-01-22', NULL, NULL, 0),
(397, 77, 'Nam porttitor scelerisque neque. Nullam', '2020-12-20', '2021-05-24', NULL, NULL, 0),
(398, 32, 'lacus. Nulla tincidunt,', '2020-08-13', '2021-06-11', NULL, NULL, 0),
(399, 85, 'euismod urna. Nullam lobortis quam', '2020-09-24', '2021-07-23', NULL, NULL, 0),
(400, 78, 'Cras eget nisi', '2020-12-10', '2021-06-24', NULL, NULL, 0),
(401, 9, 'malesuada fames ac', '2020-11-22', '2021-01-21', NULL, NULL, 0),
(402, 28, 'Suspendisse sagittis. Nullam vitae diam. Proin dolor. Nulla semper', '2020-08-16', '2021-01-26', NULL, NULL, 0),
(403, 42, 'varius orci, in consequat enim', '2020-12-10', '2021-03-16', NULL, NULL, 0),
(404, 74, 'urna. Ut tincidunt vehicula risus. Nulla eget metus eu', '2020-09-20', '2021-06-02', NULL, NULL, 0),
(405, 79, 'odio vel est tempor bibendum. Donec', '2020-11-29', '2021-02-16', NULL, NULL, 0),
(406, 30, 'augue ut lacus. Nulla tincidunt,', '2020-10-11', '2021-01-03', NULL, NULL, 0),
(407, 62, 'Pellentesque habitant morbi tristique senectus et netus et malesuada', '2020-11-23', '2021-01-19', NULL, NULL, 0),
(408, 1, 'dolor elit, pellentesque', '2020-09-30', '2021-05-25', NULL, NULL, 0),
(409, 70, 'aliquam eu, accumsan sed, facilisis vitae, orci. Phasellus dapibus', '2020-10-04', '2021-01-07', NULL, NULL, 0),
(410, 63, 'risus. Quisque libero lacus, varius et, euismod et, commodo at,', '2020-12-17', '2021-06-09', NULL, NULL, 0),
(411, 8, 'leo. Vivamus nibh dolor, nonummy', '2020-11-28', '2021-05-21', NULL, NULL, 0),
(412, 64, 'cursus vestibulum. Mauris magna. Duis dignissim', '2020-10-13', '2021-01-03', NULL, NULL, 0),
(413, 88, 'aliquam eros turpis non enim.', '2020-10-29', '2021-05-21', NULL, NULL, 0),
(414, 62, 'Suspendisse ac metus vitae velit egestas lacinia. Sed', '2020-08-15', '2021-04-23', NULL, NULL, 0),
(415, 35, 'nascetur ridiculus mus. Proin vel nisl. Quisque fringilla euismod enim.', '2020-11-17', '2021-02-20', NULL, NULL, 0),
(416, 76, 'ut, pharetra sed, hendrerit a, arcu. Sed et libero. Proin', '2020-09-02', '2021-06-27', NULL, NULL, 0),
(417, 81, 'ut, pellentesque eget, dictum placerat, augue.', '2020-08-11', '2021-02-16', NULL, NULL, 0),
(418, 51, 'Mauris non dui', '2020-12-24', '2021-02-09', NULL, NULL, 0),
(419, 38, 'sodales. Mauris blandit enim', '2020-11-09', '2021-01-18', NULL, NULL, 0),
(420, 81, 'dis parturient montes, nascetur ridiculus mus. Donec dignissim', '2020-09-26', '2021-03-24', NULL, NULL, 0),
(421, 53, 'lectus convallis est, vitae', '2020-11-07', '2021-07-09', NULL, NULL, 0),
(422, 32, 'egestas nunc sed', '2020-10-19', '2021-07-21', NULL, NULL, 0),
(423, 3, 'nulla. Donec non justo.', '2020-12-04', '2021-04-21', NULL, NULL, 0),
(424, 17, 'Mauris non dui nec urna suscipit nonummy. Fusce fermentum fermentum', '2020-11-04', '2021-03-11', NULL, NULL, 0),
(425, 9, 'non ante bibendum ullamcorper. Duis cursus,', '2020-12-24', '2021-03-25', NULL, NULL, 0),
(426, 24, 'id risus quis diam', '2020-09-15', '2021-06-18', NULL, NULL, 0),
(427, 21, 'vel lectus. Cum sociis natoque penatibus et magnis dis', '2020-10-07', '2021-01-03', NULL, NULL, 0),
(428, 70, 'arcu. Nunc mauris. Morbi', '2020-11-11', '2021-06-03', NULL, NULL, 0),
(429, 7, 'libero. Integer in magna. Phasellus', '2020-12-28', '2021-06-21', NULL, NULL, 0),
(430, 35, 'dolor. Fusce mi lorem, vehicula et, rutrum eu, ultrices', '2020-11-07', '2021-02-23', NULL, NULL, 0),
(431, 38, 'erat neque non quam. Pellentesque', '2020-09-29', '2021-06-13', NULL, NULL, 0),
(432, 99, 'enim. Nunc ut erat. Sed nunc', '2020-09-18', '2021-01-20', NULL, NULL, 0),
(433, 42, 'venenatis lacus. Etiam bibendum fermentum metus. Aenean sed pede', '2020-09-08', '2021-04-28', NULL, NULL, 0),
(434, 27, 'diam. Proin dolor. Nulla semper', '2020-10-15', '2021-02-01', NULL, NULL, 0),
(435, 92, 'ipsum nunc id enim. Curabitur massa.', '2020-08-18', '2021-03-24', NULL, NULL, 0),
(436, 43, 'at pede. Cras vulputate', '2020-12-11', '2021-07-13', NULL, NULL, 0),
(437, 40, 'at lacus. Quisque purus', '2020-12-03', '2021-06-18', NULL, NULL, 0),
(438, 25, 'ut mi. Duis risus odio,', '2020-09-24', '2021-06-19', NULL, NULL, 0),
(439, 18, 'neque tellus, imperdiet non, vestibulum nec, euismod in, dolor.', '2020-08-30', '2021-05-27', NULL, NULL, 0),
(440, 22, 'dictum cursus. Nunc mauris elit, dictum eu, eleifend nec,', '2020-08-22', '2021-05-19', NULL, NULL, 0),
(441, 25, 'vitae velit egestas lacinia. Sed congue, elit sed consequat', '2020-11-29', '2021-03-14', NULL, NULL, 0),
(442, 83, 'eget tincidunt dui', '2020-09-12', '2021-06-10', NULL, NULL, 0),
(443, 23, 'orci, consectetuer euismod est arcu ac orci. Ut', '2020-11-29', '2021-02-09', NULL, NULL, 0),
(444, 44, 'eleifend nec, malesuada', '2020-08-21', '2021-01-10', NULL, NULL, 0),
(445, 57, 'sed, est. Nunc laoreet lectus quis', '2020-11-28', '2021-02-11', NULL, NULL, 0),
(446, 94, 'enim nisl elementum purus, accumsan', '2020-12-11', '2021-06-21', NULL, NULL, 0),
(447, 67, 'Aliquam nec enim. Nunc ut erat.', '2020-09-26', '2021-03-31', NULL, NULL, 0),
(448, 60, 'dictum eu, eleifend nec, malesuada', '2020-08-03', '2021-04-27', NULL, NULL, 0),
(449, 5, 'elit. Curabitur sed', '2020-08-25', '2021-01-05', NULL, NULL, 0),
(450, 15, 'iaculis, lacus pede sagittis augue,', '2020-08-03', '2021-07-15', NULL, NULL, 0),
(451, 57, 'bibendum. Donec felis orci, adipiscing non, luctus sit amet, faucibus', '2020-10-28', '2021-06-03', NULL, NULL, 0),
(452, 82, 'mauris, aliquam eu, accumsan sed, facilisis vitae, orci.', '2020-11-03', '2021-06-12', NULL, NULL, 0),
(453, 48, 'non, lobortis quis, pede. Suspendisse dui.', '2020-11-26', '2021-06-12', NULL, NULL, 0),
(454, 84, 'dolor dolor, tempus non, lacinia at, iaculis', '2020-11-07', '2021-05-04', NULL, NULL, 0),
(455, 64, 'ligula elit, pretium et, rutrum', '2020-09-20', '2021-03-07', NULL, NULL, 0),
(456, 56, 'tortor nibh sit amet orci.', '2020-11-06', '2021-04-09', NULL, NULL, 0),
(457, 34, 'Aenean eget magna. Suspendisse tristique', '2020-11-25', '2021-06-02', NULL, NULL, 0),
(458, 74, 'nisi a odio semper cursus. Integer mollis. Integer', '2020-10-08', '2021-05-23', NULL, NULL, 0),
(459, 45, 'nisl elementum purus, accumsan interdum', '2020-09-28', '2021-06-10', NULL, NULL, 0),
(460, 39, 'eget, volutpat ornare,', '2020-10-11', '2021-04-13', NULL, NULL, 0),
(461, 60, 'faucibus ut, nulla. Cras eu tellus', '2020-08-02', '2021-03-17', NULL, NULL, 0),
(462, 18, 'augue porttitor interdum. Sed auctor odio a', '2020-11-20', '2021-07-01', NULL, NULL, 0),
(463, 67, 'adipiscing elit. Curabitur sed tortor. Integer aliquam adipiscing lacus.', '2020-08-29', '2021-04-02', NULL, NULL, 0),
(464, 46, 'dolor. Quisque tincidunt pede', '2020-11-19', '2021-04-18', NULL, NULL, 0),
(465, 51, 'facilisis, magna tellus faucibus leo, in lobortis tellus justo sit', '2020-11-23', '2021-01-31', NULL, NULL, 0),
(466, 85, 'luctus et ultrices posuere cubilia Curae Phasellus ornare. Fusce mollis.', '2020-11-17', '2021-06-30', NULL, NULL, 0),
(467, 77, 'odio sagittis semper. Nam tempor diam dictum sapien.', '2020-11-17', '2021-07-14', NULL, NULL, 0),
(468, 82, 'est. Mauris eu turpis. Nulla aliquet. Proin', '2020-11-16', '2021-03-26', NULL, NULL, 0),
(469, 95, 'dolor. Fusce feugiat. Lorem ipsum dolor', '2020-09-22', '2021-07-19', NULL, NULL, 0),
(470, 65, 'Quisque tincidunt pede ac urna. Ut tincidunt vehicula', '2020-09-12', '2021-03-02', NULL, NULL, 0),
(471, 21, 'aliquet, metus urna convallis erat, eget tincidunt', '2020-10-03', '2021-05-26', NULL, NULL, 0),
(472, 74, 'augue. Sed molestie. Sed', '2020-10-01', '2021-04-02', NULL, NULL, 0),
(473, 29, 'sapien. Nunc pulvinar arcu et pede.', '2020-10-09', '2021-05-26', NULL, NULL, 0),
(474, 79, 'Cras lorem lorem, luctus', '2020-11-21', '2021-07-20', NULL, NULL, 0),
(475, 60, 'Ut sagittis lobortis', '2020-11-03', '2021-02-01', NULL, NULL, 0),
(476, 88, 'eu tempor erat neque non quam. Pellentesque habitant', '2020-08-04', '2021-07-10', NULL, NULL, 0),
(477, 1, 'sagittis augue, eu tempor erat', '2020-12-03', '2021-07-24', NULL, NULL, 0),
(478, 83, 'felis eget varius', '2020-11-17', '2021-05-30', NULL, NULL, 0),
(479, 15, 'Nunc ullamcorper, velit in aliquet lobortis, nisi', '2020-12-02', '2021-05-16', NULL, NULL, 0),
(480, 57, 'molestie tortor nibh sit amet orci. Ut sagittis lobortis mauris.', '2020-09-16', '2021-03-03', NULL, NULL, 0),
(481, 36, 'nisi. Mauris nulla. Integer', '2020-12-12', '2021-05-01', NULL, NULL, 0),
(482, 84, 'lobortis. Class aptent taciti sociosqu ad litora', '2020-11-12', '2021-06-08', NULL, NULL, 0),
(483, 25, 'dolor dapibus gravida. Aliquam', '2020-10-07', '2021-03-23', NULL, NULL, 0),
(484, 17, 'imperdiet dictum magna. Ut tincidunt orci quis lectus. Nullam', '2020-12-19', '2021-05-12', NULL, NULL, 0),
(485, 91, 'interdum. Curabitur dictum. Phasellus in felis. Nulla', '2020-08-21', '2021-01-09', NULL, NULL, 0),
(486, 98, 'Cras pellentesque. Sed', '2020-12-26', '2021-03-20', NULL, NULL, 0),
(487, 33, 'id, libero. Donec consectetuer', '2020-10-28', '2021-01-08', NULL, NULL, 0),
(488, 13, 'neque vitae semper egestas,', '2020-08-07', '2021-06-19', NULL, NULL, 0),
(489, 47, 'venenatis lacus. Etiam bibendum fermentum', '2020-09-29', '2021-04-14', NULL, NULL, 0),
(490, 32, 'eleifend egestas. Sed', '2020-10-07', '2021-01-24', NULL, NULL, 0),
(491, 4, 'eu odio tristique pharetra. Quisque ac libero nec ligula consectetuer', '2020-09-09', '2021-01-31', NULL, NULL, 0),
(492, 45, 'Nunc ac sem ut', '2020-08-14', '2021-04-23', NULL, NULL, 0),
(493, 55, 'odio. Aliquam vulputate ullamcorper magna. Sed', '2020-10-01', '2021-01-17', NULL, NULL, 0),
(494, 22, 'ut aliquam iaculis, lacus pede sagittis augue, eu', '2020-08-10', '2021-05-30', NULL, NULL, 0),
(495, 34, 'eget, dictum placerat, augue.', '2020-09-13', '2021-05-08', NULL, NULL, 0),
(496, 16, 'eget, venenatis a, magna. Lorem ipsum dolor', '2020-12-04', '2021-02-18', NULL, NULL, 0),
(497, 92, 'lacus. Aliquam rutrum lorem', '2020-11-19', '2021-05-14', NULL, NULL, 0),
(498, 20, 'pharetra ut, pharetra sed, hendrerit a, arcu. Sed et libero.', '2020-11-05', '2021-01-09', NULL, NULL, 0),
(499, 4, 'ante dictum cursus. Nunc mauris elit, dictum eu, eleifend', '2020-08-10', '2021-03-29', NULL, NULL, 0),
(500, 13, 'semper, dui lectus rutrum urna,', '2020-11-12', '2021-04-26', NULL, NULL, 0),
(501, 26, 'auctor quis, tristique ac, eleifend vitae, erat. Vivamus', '2020-11-30', '2021-01-23', NULL, NULL, 0),
(502, 33, 'eu dui. Cum sociis natoque penatibus et magnis', '2020-12-15', '2021-02-07', NULL, NULL, 0),
(503, 61, 'cursus, diam at', '2020-09-04', '2021-04-06', NULL, NULL, 0),
(504, 98, 'arcu. Sed eu', '2020-10-05', '2021-05-10', NULL, NULL, 0),
(505, 78, 'lorem fringilla ornare placerat, orci lacus', '2020-10-11', '2021-01-31', NULL, NULL, 0),
(506, 93, 'nisl. Quisque fringilla euismod enim. Etiam gravida molestie', '2020-11-22', '2021-05-05', NULL, NULL, 0),
(507, 47, 'eu enim. Etiam imperdiet dictum magna. Ut tincidunt orci quis', '2020-08-19', '2021-02-22', NULL, NULL, 0),
(508, 18, 'sem. Pellentesque ut ipsum ac mi eleifend', '2020-11-25', '2021-04-06', NULL, NULL, 0),
(509, 3, 'ultricies dignissim lacus. Aliquam rutrum lorem', '2020-08-05', '2021-06-04', NULL, NULL, 0);
INSERT INTO `tarea` (`idTarea`, `idProyecto`, `descripcion`, `inicio_plan`, `fin_plan`, `inicio_real`, `fin_real`, `revisado`) VALUES
(510, 98, 'mi, ac mattis velit justo nec ante. Maecenas mi felis,', '2020-11-17', '2021-05-19', NULL, NULL, 0),
(511, 63, 'orci. Donec nibh. Quisque nonummy ipsum non arcu. Vivamus sit', '2020-11-16', '2021-01-02', NULL, NULL, 0),
(512, 93, 'elit, dictum eu, eleifend nec,', '2020-08-01', '2021-04-11', NULL, NULL, 0),
(513, 17, 'Aliquam nisl. Nulla eu neque', '2020-10-13', '2021-06-16', NULL, NULL, 0),
(514, 69, 'eleifend vitae, erat. Vivamus nisi. Mauris nulla.', '2020-12-09', '2021-06-17', NULL, NULL, 0),
(515, 90, 'In faucibus. Morbi vehicula. Pellentesque tincidunt', '2020-12-05', '2021-02-12', NULL, NULL, 0),
(516, 77, 'sem, vitae aliquam eros turpis', '2020-08-12', '2021-07-06', NULL, NULL, 0),
(517, 42, 'orci, in consequat enim diam', '2020-12-02', '2021-02-03', NULL, NULL, 0),
(518, 93, 'dui. Cum sociis natoque', '2020-10-19', '2021-05-26', NULL, NULL, 0),
(519, 27, 'ipsum ac mi eleifend egestas. Sed', '2020-11-13', '2021-03-08', NULL, NULL, 0),
(520, 44, 'placerat eget, venenatis a, magna. Lorem ipsum dolor', '2020-12-25', '2021-04-11', NULL, NULL, 0),
(521, 68, 'erat. Sed nunc est, mollis non, cursus', '2020-12-29', '2021-01-22', NULL, NULL, 0),
(522, 89, 'semper rutrum. Fusce dolor quam, elementum', '2020-10-09', '2021-05-19', NULL, NULL, 0),
(523, 50, 'diam lorem, auctor quis, tristique ac, eleifend vitae,', '2020-12-14', '2021-04-06', NULL, NULL, 0),
(524, 24, 'fermentum metus. Aenean sed pede nec ante blandit', '2020-12-11', '2021-01-15', NULL, NULL, 0),
(525, 14, 'feugiat. Sed nec metus', '2020-08-29', '2021-05-10', NULL, NULL, 0),
(526, 47, 'Suspendisse aliquet molestie tellus. Aenean egestas', '2020-10-24', '2021-01-09', NULL, NULL, 0),
(527, 56, 'Fusce fermentum fermentum', '2020-12-27', '2021-04-25', NULL, NULL, 0),
(528, 100, 'iaculis, lacus pede sagittis augue, eu tempor', '2020-09-14', '2021-01-02', NULL, NULL, 0),
(529, 46, 'et netus et malesuada fames ac turpis egestas.', '2020-12-05', '2021-03-04', NULL, NULL, 0),
(530, 45, 'augue porttitor interdum. Sed auctor odio a purus.', '2020-08-15', '2021-07-02', NULL, NULL, 0),
(531, 1, 'arcu. Vestibulum ut eros non enim commodo hendrerit.', '2020-09-15', '2021-04-08', NULL, NULL, 0),
(532, 12, 'morbi tristique senectus et netus et', '2020-12-10', '2021-04-16', NULL, NULL, 0),
(533, 45, 'quam vel sapien imperdiet ornare.', '2020-08-08', '2021-03-23', NULL, NULL, 0),
(534, 48, 'ornare, facilisis eget, ipsum. Donec sollicitudin', '2020-09-24', '2021-04-23', NULL, NULL, 0),
(535, 99, 'dignissim. Maecenas ornare egestas ligula. Nullam feugiat placerat velit. Quisque', '2020-12-12', '2021-05-30', NULL, NULL, 0),
(536, 4, 'ipsum cursus vestibulum. Mauris magna. Duis dignissim', '2020-12-06', '2021-02-23', NULL, NULL, 0),
(537, 53, 'Nam porttitor scelerisque neque. Nullam', '2020-09-16', '2021-02-02', NULL, NULL, 0),
(538, 86, 'enim. Mauris quis turpis vitae purus gravida sagittis. Duis', '2020-11-30', '2021-06-19', NULL, NULL, 0),
(539, 33, 'In at pede. Cras vulputate velit eu sem. Pellentesque', '2020-12-02', '2021-03-10', NULL, NULL, 0),
(540, 77, 'adipiscing lobortis risus. In mi pede, nonummy ut,', '2020-10-04', '2021-06-09', NULL, NULL, 0),
(541, 44, 'non, luctus sit amet,', '2020-11-09', '2021-03-07', NULL, NULL, 0),
(542, 6, 'arcu. Sed eu', '2020-12-18', '2021-01-04', NULL, NULL, 0),
(543, 9, 'dui. Cras pellentesque. Sed dictum. Proin eget odio. Aliquam', '2020-12-11', '2021-02-07', NULL, NULL, 0),
(544, 68, 'orci. Ut sagittis lobortis mauris.', '2020-08-24', '2021-07-02', NULL, NULL, 0),
(545, 99, 'Nulla facilisi. Sed neque. Sed eget', '2020-08-16', '2021-03-06', NULL, NULL, 0),
(546, 98, 'sociis natoque penatibus', '2020-09-15', '2021-06-12', NULL, NULL, 0),
(547, 38, 'In condimentum. Donec at arcu. Vestibulum ante ipsum primis', '2020-09-07', '2021-06-30', NULL, NULL, 0),
(548, 51, 'aptent taciti sociosqu ad litora torquent per', '2020-08-12', '2021-04-21', NULL, NULL, 0),
(549, 70, 'et magnis dis', '2020-10-10', '2021-01-26', NULL, NULL, 0),
(550, 95, 'Mauris molestie pharetra nibh. Aliquam ornare, libero at auctor', '2020-12-13', '2021-05-15', NULL, NULL, 0),
(551, 86, 'aliquet. Phasellus fermentum convallis ligula. Donec', '2020-10-11', '2021-06-13', NULL, NULL, 0),
(552, 66, 'Cras lorem lorem,', '2020-09-27', '2021-04-24', NULL, NULL, 0),
(553, 89, 'nisi a odio', '2020-11-16', '2021-06-22', NULL, NULL, 0),
(554, 44, 'facilisis non, bibendum sed, est.', '2020-10-22', '2021-07-17', NULL, NULL, 0),
(555, 68, 'est ac facilisis facilisis, magna', '2020-11-27', '2021-03-23', NULL, NULL, 0),
(556, 49, 'aliquet vel, vulputate eu, odio.', '2020-08-05', '2021-04-16', NULL, NULL, 0),
(557, 30, 'et libero. Proin mi. Aliquam gravida mauris ut', '2020-10-20', '2021-06-26', NULL, NULL, 0),
(558, 56, 'sit amet lorem semper auctor. Mauris vel', '2020-10-01', '2021-01-21', NULL, NULL, 0),
(559, 19, 'Donec nibh. Quisque nonummy ipsum non arcu. Vivamus sit amet', '2020-08-15', '2021-05-08', NULL, NULL, 0),
(560, 60, 'sed orci lobortis augue', '2020-12-03', '2021-06-05', NULL, NULL, 0),
(561, 59, 'convallis in, cursus et, eros. Proin ultrices. Duis', '2020-08-24', '2021-04-05', NULL, NULL, 0),
(562, 66, 'ligula. Nullam feugiat placerat velit. Quisque varius. Nam', '2020-11-15', '2021-03-14', NULL, NULL, 0),
(563, 79, 'nec mauris blandit mattis. Cras eget nisi dictum augue', '2020-08-16', '2021-02-13', NULL, NULL, 0),
(564, 50, 'non nisi. Aenean eget metus. In nec orci.', '2020-10-17', '2021-01-15', NULL, NULL, 0),
(565, 40, 'lacinia orci, consectetuer euismod est arcu ac orci. Ut', '2020-12-05', '2021-04-11', NULL, NULL, 0),
(566, 48, 'ultrices, mauris ipsum porta elit, a', '2020-09-25', '2021-01-29', NULL, NULL, 0),
(567, 18, 'interdum ligula eu enim. Etiam imperdiet dictum magna.', '2020-08-03', '2021-01-21', NULL, NULL, 0),
(568, 65, 'ut, sem. Nulla', '2020-12-28', '2021-03-24', NULL, NULL, 0),
(569, 24, 'Vivamus nisi. Mauris nulla. Integer urna. Vivamus molestie dapibus', '2020-08-25', '2021-06-26', NULL, NULL, 0),
(570, 77, 'sociis natoque penatibus et magnis dis parturient montes, nascetur ridiculus', '2020-08-17', '2021-04-09', NULL, NULL, 0),
(571, 42, 'mi, ac mattis velit justo nec ante. Maecenas mi', '2020-08-04', '2021-05-08', NULL, NULL, 0),
(572, 57, 'Aliquam erat volutpat. Nulla facilisis.', '2020-12-28', '2021-01-09', NULL, NULL, 0),
(573, 10, 'Duis ac arcu. Nunc mauris. Morbi non sapien molestie orci', '2020-09-01', '2021-07-17', NULL, NULL, 0),
(574, 47, 'pretium et, rutrum non, hendrerit id,', '2020-09-19', '2021-06-18', NULL, NULL, 0),
(575, 28, 'blandit mattis. Cras eget nisi dictum', '2020-11-16', '2021-05-07', NULL, NULL, 0),
(576, 43, 'et ipsum cursus', '2020-12-20', '2021-01-31', NULL, NULL, 0),
(577, 37, 'interdum feugiat. Sed nec', '2020-11-23', '2021-05-24', NULL, NULL, 0),
(578, 19, 'justo. Praesent luctus. Curabitur egestas nunc sed libero.', '2020-09-14', '2021-06-19', NULL, NULL, 0),
(579, 34, 'augue. Sed molestie. Sed id risus quis diam luctus', '2020-08-07', '2021-03-15', NULL, NULL, 0),
(580, 34, 'quam. Curabitur vel lectus. Cum sociis', '2020-09-01', '2021-06-24', NULL, NULL, 0),
(581, 38, 'sit amet, risus. Donec nibh', '2020-10-24', '2021-02-15', NULL, NULL, 0),
(582, 83, 'Nullam feugiat placerat velit. Quisque varius. Nam porttitor', '2020-10-01', '2021-03-25', NULL, NULL, 0),
(583, 98, 'nisi dictum augue malesuada malesuada. Integer', '2020-08-03', '2021-02-14', NULL, NULL, 0),
(584, 2, 'et netus et malesuada fames ac turpis', '2020-10-21', '2021-01-08', NULL, NULL, 0),
(585, 33, 'pede. Suspendisse dui. Fusce diam nunc,', '2020-09-08', '2021-02-12', NULL, NULL, 0),
(586, 93, 'aliquam iaculis, lacus pede sagittis augue, eu', '2020-12-24', '2021-03-21', NULL, NULL, 0),
(587, 83, 'ac turpis egestas. Fusce aliquet magna a neque. Nullam ut', '2020-11-18', '2021-07-24', NULL, NULL, 0),
(588, 89, 'Praesent luctus. Curabitur egestas nunc', '2020-12-02', '2021-05-26', NULL, NULL, 0),
(589, 74, 'pede. Nunc sed orci lobortis augue scelerisque mollis. Phasellus libero', '2020-10-15', '2021-03-23', NULL, NULL, 0),
(590, 61, 'sed, est. Nunc laoreet lectus quis massa. Mauris vestibulum,', '2020-11-26', '2021-04-13', NULL, NULL, 0),
(591, 36, 'sit amet, consectetuer adipiscing elit. Curabitur sed tortor.', '2020-09-15', '2021-05-28', NULL, NULL, 0),
(592, 37, 'nec, leo. Morbi neque tellus, imperdiet non,', '2020-08-14', '2021-02-14', NULL, NULL, 0),
(593, 12, 'non, dapibus rutrum, justo. Praesent luctus. Curabitur egestas nunc sed', '2020-10-23', '2021-02-01', NULL, NULL, 0),
(594, 83, 'malesuada. Integer id magna et ipsum', '2020-11-21', '2021-02-05', NULL, NULL, 0),
(595, 44, 'nulla. In tincidunt congue turpis. In condimentum. Donec at arcu.', '2020-08-10', '2021-04-14', NULL, NULL, 0),
(596, 47, 'neque sed sem egestas blandit. Nam nulla', '2020-10-14', '2021-01-30', NULL, NULL, 0),
(597, 34, 'lacinia mattis. Integer eu lacus. Quisque', '2020-11-14', '2021-06-21', NULL, NULL, 0),
(598, 27, 'mus. Proin vel', '2020-11-13', '2021-01-01', NULL, NULL, 0),
(599, 97, 'quis diam. Pellentesque habitant morbi tristique senectus et', '2020-08-29', '2021-05-11', NULL, NULL, 0),
(600, 24, 'a feugiat tellus lorem', '2020-12-18', '2021-04-11', NULL, NULL, 0),
(601, 38, 'Sed et libero.', '2020-12-17', '2021-01-04', NULL, NULL, 0),
(602, 8, 'lectus convallis est, vitae sodales nisi magna sed dui.', '2020-12-01', '2021-03-20', NULL, NULL, 0),
(603, 10, 'arcu. Sed et libero. Proin mi. Aliquam gravida mauris', '2020-08-21', '2021-01-11', NULL, NULL, 0),
(604, 51, 'semper tellus id nunc interdum', '2020-12-15', '2021-04-21', NULL, NULL, 0),
(605, 51, 'dolor. Fusce feugiat. Lorem ipsum dolor sit amet, consectetuer', '2020-09-12', '2021-02-04', NULL, NULL, 0),
(606, 56, 'Nam porttitor scelerisque neque. Nullam nisl. Maecenas malesuada', '2020-11-26', '2021-02-28', NULL, NULL, 0),
(607, 31, 'Etiam imperdiet dictum magna. Ut tincidunt orci', '2020-10-03', '2021-06-11', NULL, NULL, 0),
(608, 73, 'velit dui, semper et, lacinia vitae, sodales at, velit.', '2020-09-04', '2021-01-15', NULL, NULL, 0),
(609, 31, 'lacinia mattis. Integer eu lacus. Quisque imperdiet, erat', '2020-12-01', '2021-05-04', NULL, NULL, 0),
(610, 40, 'Praesent luctus. Curabitur egestas nunc sed libero.', '2020-08-22', '2021-01-03', NULL, NULL, 0),
(611, 25, 'vitae risus. Duis a mi fringilla', '2020-11-06', '2021-05-03', NULL, NULL, 0),
(612, 37, 'dictum cursus. Nunc mauris elit, dictum eu, eleifend nec,', '2020-10-31', '2021-05-13', NULL, NULL, 0),
(613, 75, 'auctor, velit eget laoreet posuere, enim nisl elementum purus, accumsan', '2020-11-01', '2021-03-02', NULL, NULL, 0),
(614, 20, 'lorem, auctor quis, tristique ac, eleifend vitae, erat. Vivamus nisi.', '2020-08-06', '2021-05-02', NULL, NULL, 0),
(615, 10, 'ac, feugiat non, lobortis quis, pede. Suspendisse dui.', '2020-12-07', '2021-04-04', NULL, NULL, 0),
(616, 15, 'urna et arcu', '2020-12-23', '2021-06-20', NULL, NULL, 0),
(617, 37, 'Phasellus fermentum convallis ligula. Donec luctus aliquet', '2020-09-15', '2021-01-04', NULL, NULL, 0),
(618, 42, 'auctor ullamcorper, nisl arcu iaculis enim,', '2020-12-03', '2021-03-06', NULL, NULL, 0),
(619, 47, 'placerat, augue. Sed molestie.', '2020-10-04', '2021-05-27', NULL, NULL, 0),
(620, 32, 'at augue id ante dictum', '2020-10-23', '2021-03-22', NULL, NULL, 0),
(621, 85, 'fermentum arcu. Vestibulum ante ipsum primis in faucibus orci', '2020-10-12', '2021-04-06', NULL, NULL, 0),
(622, 42, 'justo eu arcu. Morbi sit amet massa. Quisque porttitor', '2020-10-12', '2021-01-31', NULL, NULL, 0),
(623, 12, 'tempus eu, ligula. Aenean euismod', '2020-08-18', '2021-04-10', NULL, NULL, 0),
(624, 73, 'mollis. Integer tincidunt aliquam arcu. Aliquam ultrices iaculis odio.', '2020-08-04', '2021-05-06', NULL, NULL, 0),
(625, 77, 'amet massa. Quisque porttitor', '2020-10-25', '2021-03-28', NULL, NULL, 0),
(626, 95, 'magna et ipsum cursus vestibulum. Mauris', '2020-10-04', '2021-02-20', NULL, NULL, 0),
(627, 11, 'sodales at, velit. Pellentesque ultricies dignissim lacus.', '2020-08-06', '2021-05-05', NULL, NULL, 0),
(628, 69, 'velit. Quisque varius. Nam porttitor scelerisque neque.', '2020-08-01', '2021-02-07', NULL, NULL, 0),
(629, 81, 'Aliquam adipiscing lobortis risus. In mi pede,', '2020-11-22', '2021-04-12', NULL, NULL, 0),
(630, 34, 'dapibus ligula. Aliquam erat', '2020-09-15', '2021-03-30', NULL, NULL, 0),
(631, 49, 'tincidunt vehicula risus. Nulla eget metus eu erat semper', '2020-11-06', '2021-07-25', NULL, NULL, 0),
(632, 39, 'Quisque porttitor eros nec', '2020-10-18', '2021-07-08', NULL, NULL, 0),
(633, 8, 'interdum. Sed auctor odio a purus.', '2020-11-07', '2021-07-13', NULL, NULL, 0),
(634, 6, 'turpis nec mauris blandit mattis. Cras eget nisi dictum', '2020-11-10', '2021-01-25', NULL, NULL, 0),
(635, 69, 'ligula. Aenean gravida nunc sed pede. Cum', '2020-10-25', '2021-03-14', NULL, NULL, 0),
(636, 20, 'diam. Sed diam lorem, auctor quis, tristique ac, eleifend', '2020-09-14', '2021-06-25', NULL, NULL, 0),
(637, 42, 'lorem ac risus. Morbi metus. Vivamus', '2020-12-18', '2021-02-18', NULL, NULL, 0),
(638, 21, 'egestas. Aliquam fringilla cursus purus. Nullam scelerisque', '2020-10-05', '2021-07-15', NULL, NULL, 0),
(639, 46, 'lacinia mattis. Integer eu lacus. Quisque imperdiet, erat', '2020-12-26', '2021-05-22', NULL, NULL, 0),
(640, 8, 'justo nec ante.', '2020-08-30', '2021-04-23', NULL, NULL, 0),
(641, 87, 'felis. Donec tempor, est ac mattis semper,', '2020-08-10', '2021-01-16', NULL, NULL, 0),
(642, 90, 'quis massa. Mauris vestibulum, neque sed dictum eleifend, nunc', '2020-08-20', '2021-04-21', NULL, NULL, 0),
(643, 50, 'cursus luctus, ipsum leo elementum sem, vitae aliquam eros', '2020-08-31', '2021-01-21', NULL, NULL, 0),
(644, 51, 'accumsan convallis, ante lectus convallis est, vitae sodales nisi magna', '2020-10-04', '2021-04-14', NULL, NULL, 0),
(645, 15, 'Mauris eu turpis. Nulla aliquet.', '2020-09-10', '2021-02-10', NULL, NULL, 0),
(646, 9, 'elementum at, egestas a, scelerisque sed, sapien. Nunc', '2020-09-01', '2021-01-25', NULL, NULL, 0),
(647, 75, 'taciti sociosqu ad litora torquent per', '2020-12-30', '2021-02-28', NULL, NULL, 0),
(648, 22, 'Nam ac nulla. In', '2020-09-15', '2021-01-19', NULL, NULL, 0),
(649, 3, 'tellus sem mollis dui, in sodales elit erat vitae risus.', '2020-12-04', '2021-05-02', NULL, NULL, 0),
(650, 15, 'magna sed dui.', '2020-11-21', '2021-07-07', NULL, NULL, 0),
(651, 18, 'a ultricies adipiscing, enim mi', '2020-12-29', '2021-05-12', NULL, NULL, 0),
(652, 21, 'ad litora torquent per', '2020-12-12', '2021-07-07', NULL, NULL, 0),
(653, 80, 'aliquet. Proin velit. Sed malesuada', '2020-08-09', '2021-01-12', NULL, NULL, 0),
(654, 97, 'convallis in, cursus et, eros. Proin ultrices.', '2020-11-10', '2021-01-23', NULL, NULL, 0),
(655, 18, 'ac mattis velit justo', '2020-08-29', '2021-04-03', NULL, NULL, 0),
(656, 12, 'vitae semper egestas, urna justo faucibus lectus, a sollicitudin', '2020-11-09', '2021-06-25', NULL, NULL, 0),
(657, 80, 'fermentum vel, mauris. Integer sem elit, pharetra', '2020-12-10', '2021-07-15', NULL, NULL, 0),
(658, 40, 'lorem fringilla ornare placerat, orci lacus', '2020-12-04', '2021-01-31', NULL, NULL, 0),
(659, 24, 'vitae nibh. Donec est mauris, rhoncus id, mollis nec,', '2020-11-14', '2021-07-21', NULL, NULL, 0),
(660, 58, 'iaculis odio. Nam interdum enim', '2020-11-06', '2021-03-28', NULL, NULL, 0),
(661, 13, 'mus. Proin vel', '2020-08-24', '2021-01-07', NULL, NULL, 0),
(662, 22, 'molestie sodales. Mauris blandit enim consequat purus. Maecenas libero est,', '2020-11-01', '2021-07-10', NULL, NULL, 0),
(663, 44, 'facilisis facilisis, magna', '2020-11-24', '2021-05-26', NULL, NULL, 0),
(664, 89, 'elementum, lorem ut aliquam iaculis, lacus', '2020-09-20', '2021-05-27', NULL, NULL, 0),
(665, 53, 'rutrum magna. Cras convallis convallis', '2020-09-07', '2021-01-27', NULL, NULL, 0),
(666, 58, 'natoque penatibus et magnis dis parturient', '2020-09-21', '2021-07-21', NULL, NULL, 0),
(667, 35, 'odio. Phasellus at augue', '2020-12-20', '2021-07-19', NULL, NULL, 0),
(668, 43, 'commodo ipsum. Suspendisse non', '2020-08-11', '2021-02-09', NULL, NULL, 0),
(669, 75, 'mauris erat eget ipsum.', '2020-11-16', '2021-02-16', NULL, NULL, 0),
(670, 98, 'ut dolor dapibus gravida. Aliquam tincidunt, nunc ac mattis ornare,', '2020-10-02', '2021-06-27', NULL, NULL, 0),
(671, 95, 'Nullam ut nisi a odio semper cursus.', '2020-08-31', '2021-03-12', NULL, NULL, 0),
(672, 11, 'eget tincidunt dui augue eu tellus.', '2020-09-11', '2021-05-29', NULL, NULL, 0),
(673, 81, 'sollicitudin commodo ipsum. Suspendisse non leo.', '2020-08-30', '2021-06-09', NULL, NULL, 0),
(674, 49, 'placerat eget, venenatis a, magna. Lorem ipsum dolor sit amet,', '2020-11-20', '2021-05-16', NULL, NULL, 0),
(675, 43, 'tempor arcu. Vestibulum ut', '2020-10-25', '2021-05-19', NULL, NULL, 0),
(676, 72, 'sodales at, velit. Pellentesque', '2020-12-02', '2021-05-25', NULL, NULL, 0),
(677, 42, 'libero. Proin sed turpis nec mauris blandit mattis. Cras eget', '2020-10-21', '2021-04-12', NULL, NULL, 0),
(678, 45, 'et netus et malesuada fames ac turpis egestas. Aliquam', '2020-11-15', '2021-05-09', NULL, NULL, 0),
(679, 18, 'elit pede, malesuada vel, venenatis vel, faucibus id, libero. Donec', '2020-09-07', '2021-05-30', NULL, NULL, 0),
(680, 8, 'faucibus leo, in lobortis tellus justo', '2020-08-16', '2021-05-02', NULL, NULL, 0),
(681, 23, 'Sed congue, elit sed consequat auctor, nunc nulla', '2020-09-12', '2021-06-07', NULL, NULL, 0),
(682, 77, 'leo. Vivamus nibh dolor, nonummy ac, feugiat non, lobortis', '2020-12-11', '2021-01-08', NULL, NULL, 0),
(683, 57, 'aliquam arcu. Aliquam ultrices iaculis odio. Nam', '2020-09-05', '2021-03-18', NULL, NULL, 0),
(684, 21, 'facilisis lorem tristique', '2020-11-16', '2021-02-26', NULL, NULL, 0),
(685, 57, 'orci sem eget massa. Suspendisse eleifend. Cras sed leo. Cras', '2020-12-24', '2021-04-12', NULL, NULL, 0),
(686, 87, 'semper. Nam tempor diam dictum sapien. Aenean', '2020-08-10', '2021-04-23', NULL, NULL, 0),
(687, 15, 'venenatis lacus. Etiam bibendum', '2020-08-17', '2021-03-02', NULL, NULL, 0),
(688, 48, 'montes, nascetur ridiculus mus. Donec dignissim magna', '2020-12-06', '2021-04-21', NULL, NULL, 0),
(689, 13, 'consequat auctor, nunc', '2020-11-09', '2021-04-26', NULL, NULL, 0),
(690, 2, 'nibh dolor, nonummy ac,', '2020-10-29', '2021-07-23', NULL, NULL, 0),
(691, 49, 'consectetuer rhoncus. Nullam velit dui, semper', '2020-08-19', '2021-06-24', NULL, NULL, 0),
(692, 2, 'Donec feugiat metus sit amet ante.', '2020-10-20', '2021-04-15', NULL, NULL, 0),
(693, 84, 'consectetuer ipsum nunc id enim. Curabitur massa. Vestibulum accumsan neque', '2020-08-12', '2021-02-11', NULL, NULL, 0),
(694, 57, 'Nunc commodo auctor', '2020-10-02', '2021-06-14', NULL, NULL, 0),
(695, 35, 'Nunc lectus pede,', '2020-08-26', '2021-04-27', NULL, NULL, 0),
(696, 55, 'Duis mi enim, condimentum eget, volutpat ornare, facilisis eget, ipsum.', '2020-12-14', '2021-04-06', NULL, NULL, 0),
(697, 76, 'Aliquam vulputate ullamcorper magna. Sed eu eros. Nam consequat dolor', '2020-10-25', '2021-03-08', NULL, NULL, 0),
(698, 86, 'Fusce aliquam, enim nec tempus scelerisque,', '2020-11-18', '2021-03-18', NULL, NULL, 0),
(699, 87, 'Maecenas malesuada fringilla', '2020-08-27', '2021-03-25', NULL, NULL, 0),
(700, 69, 'et, magna. Praesent interdum ligula', '2020-09-01', '2021-05-07', NULL, NULL, 0),
(701, 98, 'Curabitur sed tortor. Integer aliquam adipiscing lacus.', '2020-10-09', '2021-02-12', NULL, NULL, 0),
(702, 75, 'Curabitur ut odio vel est tempor bibendum.', '2020-09-21', '2021-01-19', NULL, NULL, 0),
(703, 50, 'nibh. Quisque nonummy', '2020-10-29', '2021-02-02', NULL, NULL, 0),
(704, 97, 'dictum magna. Ut tincidunt orci', '2020-11-05', '2021-03-31', NULL, NULL, 0),
(705, 2, 'dui. Fusce diam nunc, ullamcorper eu,', '2020-11-08', '2021-05-08', NULL, NULL, 0),
(706, 80, 'sem elit, pharetra ut, pharetra sed, hendrerit', '2020-11-09', '2021-05-20', NULL, NULL, 0),
(707, 48, 'nunc nulla vulputate dui, nec tempus mauris', '2020-08-03', '2021-06-09', NULL, NULL, 0),
(708, 90, 'dui. Fusce diam nunc, ullamcorper eu, euismod ac, fermentum vel,', '2020-08-05', '2021-01-09', NULL, NULL, 0),
(709, 52, 'a, enim. Suspendisse aliquet, sem ut cursus luctus,', '2020-08-17', '2021-03-11', NULL, NULL, 0),
(710, 74, 'arcu vel quam dignissim pharetra.', '2020-12-18', '2021-05-09', NULL, NULL, 0),
(711, 11, 'pede, malesuada vel, venenatis vel, faucibus id, libero. Donec', '2020-10-04', '2021-07-21', NULL, NULL, 0),
(712, 47, 'Fusce mollis. Duis sit amet diam eu dolor egestas', '2020-12-12', '2021-04-10', NULL, NULL, 0),
(713, 87, 'rhoncus. Proin nisl sem, consequat nec, mollis vitae,', '2020-12-09', '2021-02-19', NULL, NULL, 0),
(714, 23, 'Vivamus euismod urna. Nullam lobortis', '2020-10-19', '2021-02-17', NULL, NULL, 0),
(715, 26, 'ipsum. Phasellus vitae mauris sit amet lorem', '2020-10-07', '2021-04-15', NULL, NULL, 0),
(716, 59, 'turpis nec mauris blandit mattis. Cras eget', '2020-09-26', '2021-02-25', NULL, NULL, 0),
(717, 77, 'In at pede. Cras vulputate', '2020-11-27', '2021-01-30', NULL, NULL, 0),
(718, 47, 'ac ipsum. Phasellus vitae mauris sit amet lorem semper auctor.', '2020-08-04', '2021-04-21', NULL, NULL, 0),
(719, 91, 'in, dolor. Fusce', '2020-08-30', '2021-06-19', NULL, NULL, 0),
(720, 96, 'ligula. Nullam enim. Sed', '2020-12-20', '2021-05-15', NULL, NULL, 0),
(721, 17, 'molestie tellus. Aenean egestas', '2020-11-25', '2021-06-10', NULL, NULL, 0),
(722, 70, 'et risus. Quisque libero lacus, varius et, euismod', '2020-08-16', '2021-03-27', NULL, NULL, 0),
(723, 31, 'massa lobortis ultrices. Vivamus rhoncus. Donec est. Nunc', '2020-11-16', '2021-01-11', NULL, NULL, 0),
(724, 7, 'odio vel est tempor bibendum. Donec felis', '2020-08-02', '2021-01-08', NULL, NULL, 0),
(725, 69, 'neque. Sed eget lacus. Mauris non', '2020-11-20', '2021-01-30', NULL, NULL, 0),
(726, 83, 'id, erat. Etiam vestibulum massa rutrum magna.', '2020-09-06', '2021-02-02', NULL, NULL, 0),
(727, 93, 'nunc sit amet', '2020-11-28', '2021-07-21', NULL, NULL, 0),
(728, 5, 'neque non quam. Pellentesque habitant morbi tristique', '2020-10-23', '2021-05-23', NULL, NULL, 0),
(729, 91, 'mi eleifend egestas. Sed pharetra,', '2020-08-30', '2021-05-14', NULL, NULL, 0),
(730, 40, 'egestas. Duis ac arcu. Nunc mauris. Morbi non', '2020-08-28', '2021-03-03', NULL, NULL, 0),
(731, 60, 'Pellentesque tincidunt tempus risus. Donec egestas. Duis', '2020-11-14', '2021-01-02', NULL, NULL, 0),
(732, 99, 'a, enim. Suspendisse aliquet, sem', '2020-12-25', '2021-05-29', NULL, NULL, 0),
(733, 92, 'tempor erat neque non quam. Pellentesque habitant morbi tristique senectus', '2020-08-14', '2021-01-02', NULL, NULL, 0),
(734, 40, 'sit amet, risus. Donec', '2020-08-12', '2021-03-29', NULL, NULL, 0),
(735, 89, 'purus, in molestie', '2020-08-23', '2021-01-13', NULL, NULL, 0),
(736, 86, 'ac orci. Ut semper pretium neque.', '2020-08-12', '2021-05-01', NULL, NULL, 0),
(737, 25, 'mus. Proin vel nisl. Quisque fringilla euismod enim.', '2020-12-18', '2021-02-01', NULL, NULL, 0),
(738, 33, 'Mauris blandit enim consequat', '2020-10-04', '2021-02-28', NULL, NULL, 0),
(739, 92, 'feugiat placerat velit. Quisque varius. Nam porttitor scelerisque neque. Nullam', '2020-10-26', '2021-06-01', NULL, NULL, 0),
(740, 90, 'eros nec tellus. Nunc', '2020-08-13', '2021-05-08', NULL, NULL, 0),
(741, 8, 'litora torquent per conubia nostra, per inceptos', '2020-11-02', '2021-05-13', NULL, NULL, 0),
(742, 78, 'enim. Etiam gravida molestie', '2020-09-30', '2021-04-03', NULL, NULL, 0),
(743, 30, 'nisl. Nulla eu neque pellentesque', '2020-09-12', '2021-05-27', NULL, NULL, 0),
(744, 26, 'magnis dis parturient montes, nascetur', '2020-09-09', '2021-05-29', NULL, NULL, 0),
(745, 23, 'Suspendisse eleifend. Cras sed leo. Cras vehicula aliquet libero.', '2020-10-05', '2021-01-07', NULL, NULL, 0),
(746, 29, 'Nullam velit dui, semper et, lacinia vitae,', '2020-09-17', '2021-06-06', NULL, NULL, 0),
(747, 41, 'Duis elementum, dui', '2020-09-16', '2021-03-22', NULL, NULL, 0),
(748, 1, 'enim commodo hendrerit. Donec porttitor', '2020-11-22', '2021-06-29', NULL, NULL, 0),
(749, 57, 'mi lacinia mattis. Integer eu lacus. Quisque imperdiet, erat nonummy', '2020-11-28', '2021-07-10', NULL, NULL, 0),
(750, 88, 'dignissim magna a tortor. Nunc', '2020-11-08', '2021-03-26', NULL, NULL, 0),
(751, 28, 'lacus. Aliquam rutrum lorem ac risus.', '2020-10-21', '2021-02-27', NULL, NULL, 0),
(752, 75, 'erat volutpat. Nulla dignissim. Maecenas', '2020-09-28', '2021-04-20', NULL, NULL, 0),
(753, 83, 'sed libero. Proin sed turpis', '2020-08-05', '2021-05-15', NULL, NULL, 0),
(754, 31, 'ligula. Aenean gravida nunc', '2020-09-28', '2021-07-06', NULL, NULL, 0),
(755, 71, 'libero. Integer in magna. Phasellus dolor elit,', '2020-08-30', '2021-01-15', NULL, NULL, 0),
(756, 14, 'enim. Etiam imperdiet dictum magna. Ut', '2020-10-28', '2021-03-28', NULL, NULL, 0),
(757, 13, 'semper, dui lectus', '2020-09-13', '2021-01-25', NULL, NULL, 0),
(758, 58, 'aliquet libero. Integer in magna. Phasellus dolor elit, pellentesque a,', '2020-11-11', '2021-06-24', NULL, NULL, 0),
(759, 8, 'justo. Praesent luctus.', '2020-09-27', '2021-03-15', NULL, NULL, 0),
(760, 48, 'Nulla semper tellus', '2020-08-13', '2021-01-01', NULL, NULL, 0),
(761, 43, 'cursus. Integer mollis. Integer tincidunt', '2020-10-21', '2021-04-06', NULL, NULL, 0),
(762, 89, 'Nullam enim. Sed nulla ante, iaculis', '2020-08-13', '2021-07-11', NULL, NULL, 0),
(763, 34, 'hendrerit id, ante. Nunc mauris sapien, cursus in, hendrerit', '2020-12-15', '2021-07-12', NULL, NULL, 0),
(764, 16, 'vel arcu eu odio tristique pharetra. Quisque ac', '2020-08-09', '2021-02-17', NULL, NULL, 0),
(765, 12, 'vitae risus. Duis', '2020-10-21', '2021-03-18', NULL, NULL, 0),
(766, 89, 'vitae, orci. Phasellus dapibus quam quis diam. Pellentesque habitant', '2020-09-21', '2021-06-25', NULL, NULL, 0),
(767, 66, 'sed sem egestas blandit. Nam nulla magna,', '2020-11-12', '2021-04-16', NULL, NULL, 0),
(768, 29, 'ligula tortor, dictum eu, placerat eget, venenatis a, magna.', '2020-12-06', '2021-04-13', NULL, NULL, 0),
(769, 60, 'elit. Aliquam auctor, velit eget laoreet posuere,', '2020-09-14', '2021-04-15', NULL, NULL, 0),
(770, 93, 'libero et tristique pellentesque,', '2020-08-12', '2021-02-21', NULL, NULL, 0),
(771, 71, 'Quisque ornare tortor at', '2020-12-08', '2021-04-13', NULL, NULL, 0),
(772, 49, 'ligula. Nullam feugiat placerat velit.', '2020-11-25', '2021-06-18', NULL, NULL, 0),
(773, 66, 'varius et, euismod et,', '2020-08-05', '2021-03-21', NULL, NULL, 0),
(774, 9, 'vestibulum, neque sed dictum eleifend, nunc risus varius', '2020-08-21', '2021-02-28', NULL, NULL, 0),
(775, 10, 'Aliquam auctor, velit eget laoreet posuere, enim', '2020-10-26', '2021-05-05', NULL, NULL, 0),
(776, 43, 'in consequat enim', '2020-11-20', '2021-03-23', NULL, NULL, 0),
(777, 60, 'nibh dolor, nonummy ac, feugiat non, lobortis quis,', '2020-09-12', '2021-01-08', NULL, NULL, 0),
(778, 27, 'auctor vitae, aliquet nec, imperdiet nec,', '2020-08-25', '2021-06-26', NULL, NULL, 0),
(779, 33, 'consectetuer rhoncus. Nullam velit dui, semper et, lacinia', '2020-11-18', '2021-04-24', NULL, NULL, 0),
(780, 87, 'turpis egestas. Aliquam fringilla cursus', '2020-11-15', '2021-07-23', NULL, NULL, 0),
(781, 75, 'odio, auctor vitae, aliquet', '2020-09-15', '2021-01-04', NULL, NULL, 0),
(782, 80, 'lectus justo eu arcu. Morbi', '2020-10-12', '2021-06-18', NULL, NULL, 0),
(783, 15, 'Sed et libero. Proin mi. Aliquam', '2020-12-03', '2021-04-30', NULL, NULL, 0),
(784, 68, 'Aliquam erat volutpat. Nulla facilisis. Suspendisse commodo tincidunt nibh. Phasellus', '2020-08-03', '2021-03-14', NULL, NULL, 0),
(785, 47, 'egestas. Duis ac arcu.', '2020-11-19', '2021-06-25', NULL, NULL, 0),
(786, 31, 'Sed et libero. Proin mi. Aliquam', '2020-10-24', '2021-04-25', NULL, NULL, 0),
(787, 76, 'neque. Morbi quis urna. Nunc quis arcu vel quam', '2020-12-30', '2021-03-11', NULL, NULL, 0),
(788, 38, 'eleifend egestas. Sed pharetra, felis eget varius ultrices, mauris ipsum', '2020-12-20', '2021-01-08', NULL, NULL, 0),
(789, 85, 'dolor sit amet, consectetuer adipiscing', '2020-11-16', '2021-06-12', NULL, NULL, 0),
(790, 66, 'molestie in, tempus', '2020-11-15', '2021-04-02', NULL, NULL, 0),
(791, 16, 'erat. Vivamus nisi. Mauris nulla.', '2020-08-27', '2021-03-12', NULL, NULL, 0),
(792, 90, 'fringilla purus mauris a nunc. In at pede.', '2020-12-27', '2021-06-15', NULL, NULL, 0),
(793, 4, 'Donec elementum, lorem ut aliquam', '2020-10-14', '2021-02-25', NULL, NULL, 0),
(794, 100, 'non arcu. Vivamus', '2020-10-07', '2021-02-04', NULL, NULL, 0),
(795, 78, 'aliquam, enim nec', '2020-08-03', '2021-02-23', NULL, NULL, 0),
(796, 7, 'elit. Etiam laoreet, libero et tristique pellentesque, tellus sem', '2020-11-14', '2021-05-11', NULL, NULL, 0),
(797, 18, 'nec, leo. Morbi neque tellus, imperdiet non,', '2020-09-11', '2021-06-18', NULL, NULL, 0),
(798, 60, 'orci. Ut semper pretium', '2020-11-30', '2021-02-24', NULL, NULL, 0),
(799, 17, 'pede nec ante blandit viverra. Donec', '2020-11-08', '2021-01-08', NULL, NULL, 0),
(800, 2, 'urna. Ut tincidunt vehicula risus. Nulla', '2020-12-10', '2021-01-23', NULL, NULL, 0),
(801, 86, 'in, dolor. Fusce feugiat. Lorem ipsum dolor sit amet, consectetuer', '2020-12-26', '2021-01-27', NULL, NULL, 0),
(802, 4, 'vel lectus. Cum sociis natoque penatibus et magnis', '2020-11-19', '2021-03-23', NULL, NULL, 0),
(803, 83, 'Curabitur massa. Vestibulum accumsan neque et', '2020-09-30', '2021-01-23', NULL, NULL, 0),
(804, 35, 'vitae, posuere at,', '2020-08-12', '2021-03-19', NULL, NULL, 0),
(805, 29, 'neque et nunc. Quisque ornare', '2020-10-11', '2021-05-26', NULL, NULL, 0),
(806, 71, 'sit amet, consectetuer adipiscing elit. Aliquam auctor, velit eget', '2020-10-30', '2021-04-26', NULL, NULL, 0),
(807, 87, 'Nunc lectus pede, ultrices a, auctor non, feugiat', '2020-12-09', '2021-07-19', NULL, NULL, 0),
(808, 37, 'egestas a, scelerisque', '2020-10-05', '2021-07-13', NULL, NULL, 0),
(809, 29, 'congue a, aliquet vel, vulputate eu,', '2020-08-31', '2021-05-19', NULL, NULL, 0),
(810, 26, 'congue a, aliquet vel, vulputate eu, odio. Phasellus', '2020-10-02', '2021-02-05', NULL, NULL, 0),
(811, 24, 'ridiculus mus. Aenean eget magna. Suspendisse tristique neque', '2020-12-16', '2021-01-05', NULL, NULL, 0),
(812, 40, 'quam. Pellentesque habitant morbi tristique senectus et netus', '2020-11-22', '2021-06-30', NULL, NULL, 0),
(813, 30, 'sit amet, consectetuer', '2020-08-27', '2021-01-01', NULL, NULL, 0),
(814, 39, 'lacus vestibulum lorem, sit amet ultricies sem magna', '2020-11-28', '2021-04-28', NULL, NULL, 0),
(815, 54, 'neque. In ornare sagittis felis. Donec', '2020-08-25', '2021-06-11', NULL, NULL, 0),
(816, 63, 'eu arcu. Morbi', '2020-11-14', '2021-04-28', NULL, NULL, 0),
(817, 15, 'orci, consectetuer euismod', '2020-09-26', '2021-05-09', NULL, NULL, 0),
(818, 63, 'sollicitudin adipiscing ligula. Aenean gravida nunc sed', '2020-10-10', '2021-06-23', NULL, NULL, 0),
(819, 92, 'parturient montes, nascetur ridiculus', '2020-11-19', '2021-03-23', NULL, NULL, 0),
(820, 30, 'pretium aliquet, metus', '2020-08-26', '2021-02-03', NULL, NULL, 0),
(821, 74, 'erat. Etiam vestibulum massa rutrum', '2020-10-09', '2021-06-15', NULL, NULL, 0),
(822, 55, 'pellentesque, tellus sem mollis dui, in', '2020-08-18', '2021-06-18', NULL, NULL, 0),
(823, 44, 'arcu. Nunc mauris. Morbi non sapien molestie', '2020-11-24', '2021-03-03', NULL, NULL, 0),
(824, 20, 'Nullam ut nisi a odio semper', '2020-11-30', '2021-06-05', NULL, NULL, 0),
(825, 13, 'et netus et malesuada fames ac turpis egestas.', '2020-12-30', '2021-06-02', NULL, NULL, 0),
(826, 80, 'risus. Quisque libero lacus,', '2020-09-09', '2021-07-19', NULL, NULL, 0),
(827, 10, 'risus. Donec egestas. Aliquam nec enim. Nunc', '2020-09-19', '2021-01-27', NULL, NULL, 0),
(828, 98, 'ultricies ligula. Nullam enim. Sed nulla', '2020-09-05', '2021-07-04', NULL, NULL, 0),
(829, 80, 'interdum libero dui nec', '2020-12-22', '2021-05-31', NULL, NULL, 0),
(830, 75, 'Duis dignissim tempor arcu. Vestibulum ut eros non enim commodo', '2020-12-19', '2021-05-19', NULL, NULL, 0),
(831, 99, 'Mauris eu turpis. Nulla aliquet. Proin velit. Sed malesuada', '2020-08-20', '2021-01-02', NULL, NULL, 0),
(832, 17, 'In at pede. Cras vulputate velit', '2020-09-01', '2021-06-09', NULL, NULL, 0),
(833, 41, 'Duis a mi fringilla mi', '2020-11-25', '2021-03-17', NULL, NULL, 0),
(834, 92, 'eleifend non, dapibus rutrum, justo. Praesent luctus. Curabitur egestas', '2020-09-29', '2021-04-02', NULL, NULL, 0),
(835, 77, 'malesuada. Integer id magna et ipsum cursus', '2020-08-06', '2021-07-21', NULL, NULL, 0),
(836, 81, 'eu metus. In lorem.', '2020-10-12', '2021-05-23', NULL, NULL, 0),
(837, 39, 'pellentesque a, facilisis non, bibendum sed, est.', '2020-11-14', '2021-02-07', NULL, NULL, 0),
(838, 40, 'est ac facilisis facilisis, magna tellus faucibus', '2020-09-13', '2021-04-07', NULL, NULL, 0),
(839, 10, 'consectetuer ipsum nunc id enim. Curabitur massa. Vestibulum', '2020-12-01', '2021-03-09', NULL, NULL, 0),
(840, 2, 'montes, nascetur ridiculus mus. Proin vel nisl. Quisque fringilla', '2020-08-09', '2021-07-02', NULL, NULL, 0),
(841, 58, 'gravida sit amet, dapibus id, blandit at, nisi. Cum', '2020-10-04', '2021-01-05', NULL, NULL, 0),
(842, 40, 'fringilla. Donec feugiat metus sit amet', '2020-11-09', '2021-06-30', NULL, NULL, 0),
(843, 58, 'penatibus et magnis dis parturient montes,', '2020-08-19', '2021-01-20', NULL, NULL, 0),
(844, 77, 'pharetra, felis eget', '2020-11-16', '2021-04-03', NULL, NULL, 0),
(845, 17, 'vel pede blandit congue. In scelerisque', '2020-10-31', '2021-07-03', NULL, NULL, 0),
(846, 41, 'iaculis quis, pede.', '2020-11-07', '2021-06-05', NULL, NULL, 0),
(847, 68, 'ultrices. Vivamus rhoncus. Donec est. Nunc ullamcorper, velit in aliquet', '2020-09-10', '2021-02-15', NULL, NULL, 0),
(848, 1, 'vulputate eu, odio. Phasellus at augue id ante', '2020-12-21', '2021-07-06', NULL, NULL, 0),
(849, 40, 'consequat, lectus sit amet luctus vulputate, nisi sem', '2020-11-01', '2021-07-13', NULL, NULL, 0),
(850, 25, 'tempus eu, ligula. Aenean euismod mauris eu elit. Nulla facilisi.', '2020-12-15', '2021-07-03', NULL, NULL, 0),
(851, 76, 'laoreet, libero et', '2020-10-18', '2021-01-04', NULL, NULL, 0),
(852, 83, 'fringilla purus mauris a', '2020-09-20', '2021-04-04', NULL, NULL, 0),
(853, 73, 'Fusce diam nunc, ullamcorper eu, euismod ac, fermentum vel,', '2020-12-01', '2021-02-21', NULL, NULL, 0),
(854, 44, 'metus eu erat', '2020-08-25', '2021-04-28', NULL, NULL, 0),
(855, 37, 'in, tempus eu,', '2020-12-14', '2021-04-07', NULL, NULL, 0),
(856, 52, 'Sed eu nibh vulputate', '2020-11-20', '2021-01-06', NULL, NULL, 0),
(857, 71, 'Duis mi enim, condimentum eget,', '2020-11-17', '2021-06-13', NULL, NULL, 0),
(858, 67, 'diam nunc, ullamcorper eu, euismod ac,', '2020-12-18', '2021-04-14', NULL, NULL, 0),
(859, 97, 'auctor non, feugiat', '2020-10-01', '2021-03-25', NULL, NULL, 0),
(860, 56, 'posuere cubilia Curae Phasellus ornare.', '2020-09-17', '2021-04-01', NULL, NULL, 0),
(861, 78, 'nec, leo. Morbi neque tellus, imperdiet non, vestibulum nec, euismod', '2020-08-04', '2021-06-28', NULL, NULL, 0),
(862, 30, 'enim consequat purus. Maecenas libero est,', '2020-11-29', '2021-03-28', NULL, NULL, 0),
(863, 64, 'justo sit amet nulla. Donec non justo. Proin non', '2020-08-03', '2021-06-16', NULL, NULL, 0),
(864, 58, 'Etiam bibendum fermentum metus. Aenean sed pede nec', '2020-09-23', '2021-02-25', NULL, NULL, 0),
(865, 58, 'cursus luctus, ipsum leo elementum sem, vitae aliquam eros turpis', '2020-09-13', '2021-03-13', NULL, NULL, 0),
(866, 57, 'sociis natoque penatibus et magnis dis', '2020-09-14', '2021-01-27', NULL, NULL, 0),
(867, 82, 'vehicula aliquet libero. Integer in magna. Phasellus dolor elit, pellentesque', '2020-08-25', '2021-03-04', NULL, NULL, 0),
(868, 15, 'enim mi tempor lorem, eget mollis', '2020-10-21', '2021-02-23', NULL, NULL, 0),
(869, 32, 'at pretium aliquet, metus urna convallis erat, eget', '2020-10-21', '2021-05-24', NULL, NULL, 0),
(870, 84, 'Cum sociis natoque', '2020-10-18', '2021-05-15', NULL, NULL, 0),
(871, 65, 'pretium et, rutrum non, hendrerit id, ante. Nunc', '2020-08-19', '2021-05-22', NULL, NULL, 0),
(872, 22, 'Nulla tincidunt, neque vitae semper egestas, urna justo faucibus', '2020-10-02', '2021-07-15', NULL, NULL, 0),
(873, 33, 'dictum. Proin eget odio. Aliquam vulputate', '2020-12-27', '2021-04-19', NULL, NULL, 0),
(874, 81, 'iaculis aliquet diam. Sed diam lorem, auctor quis, tristique', '2020-09-01', '2021-07-16', NULL, NULL, 0),
(875, 56, 'facilisis vitae, orci. Phasellus dapibus quam quis', '2020-10-18', '2021-01-10', NULL, NULL, 0),
(876, 67, 'lectus justo eu arcu. Morbi sit amet massa. Quisque porttitor', '2020-12-19', '2021-07-20', NULL, NULL, 0),
(877, 62, 'in lobortis tellus justo sit amet nulla. Donec non justo.', '2020-11-21', '2021-07-04', NULL, NULL, 0),
(878, 20, 'tincidunt nibh. Phasellus', '2020-12-03', '2021-05-08', NULL, NULL, 0),
(879, 33, 'Sed congue, elit sed consequat auctor, nunc', '2020-09-20', '2021-03-05', NULL, NULL, 0),
(880, 9, 'et, commodo at, libero. Morbi accumsan laoreet', '2020-11-20', '2021-07-22', NULL, NULL, 0),
(881, 21, 'lacus. Ut nec urna et arcu', '2020-08-02', '2021-06-13', NULL, NULL, 0),
(882, 100, 'magna, malesuada vel, convallis in,', '2020-10-10', '2021-01-28', NULL, NULL, 0),
(883, 11, 'sem egestas blandit. Nam nulla magna,', '2020-12-06', '2021-05-16', NULL, NULL, 0),
(884, 14, 'blandit at, nisi. Cum sociis natoque', '2020-12-21', '2021-05-05', NULL, NULL, 0),
(885, 94, 'sit amet, risus. Donec nibh enim, gravida sit amet, dapibus', '2020-09-09', '2021-02-20', NULL, NULL, 0),
(886, 91, 'Donec consectetuer mauris id sapien. Cras dolor dolor, tempus', '2020-10-02', '2021-06-21', NULL, NULL, 0),
(887, 51, 'enim. Nunc ut', '2020-12-16', '2021-02-16', NULL, NULL, 0),
(888, 26, 'egestas blandit. Nam nulla magna,', '2020-12-22', '2021-03-09', NULL, NULL, 0),
(889, 59, 'scelerisque dui. Suspendisse ac metus vitae velit', '2020-09-20', '2021-04-19', NULL, NULL, 0),
(890, 65, 'orci quis lectus. Nullam suscipit, est', '2020-10-15', '2021-04-25', NULL, NULL, 0),
(891, 61, 'bibendum. Donec felis orci, adipiscing non,', '2020-12-02', '2021-06-19', NULL, NULL, 0),
(892, 10, 'Mauris quis turpis vitae purus gravida', '2020-11-19', '2021-02-27', NULL, NULL, 0),
(893, 2, 'adipiscing fringilla, porttitor vulputate, posuere', '2020-11-13', '2021-03-07', NULL, NULL, 0),
(894, 94, 'eu dolor egestas rhoncus. Proin nisl sem, consequat', '2020-10-14', '2021-03-18', NULL, NULL, 0),
(895, 13, 'Aliquam fringilla cursus purus. Nullam scelerisque', '2020-12-28', '2021-04-13', NULL, NULL, 0),
(896, 23, 'facilisis facilisis, magna tellus faucibus leo, in lobortis tellus justo', '2020-08-21', '2021-02-22', NULL, NULL, 0),
(897, 20, 'enim. Nunc ut erat. Sed nunc est,', '2020-08-26', '2021-06-13', NULL, NULL, 0),
(898, 3, 'dolor sit amet, consectetuer adipiscing elit. Curabitur sed', '2020-11-17', '2021-05-21', NULL, NULL, 0),
(899, 53, 'vestibulum lorem, sit amet ultricies sem magna nec', '2020-08-26', '2021-01-31', NULL, NULL, 0),
(900, 76, 'est, vitae sodales nisi magna sed dui. Fusce', '2020-08-16', '2021-07-22', NULL, NULL, 0),
(901, 97, 'ut cursus luctus, ipsum leo elementum sem, vitae aliquam eros', '2020-08-23', '2021-06-22', NULL, NULL, 0),
(902, 65, 'commodo hendrerit. Donec porttitor tellus non', '2020-08-18', '2021-05-29', NULL, NULL, 0),
(903, 79, 'Quisque ac libero', '2020-08-24', '2021-05-19', NULL, NULL, 0),
(904, 46, 'mi. Duis risus odio, auctor vitae, aliquet', '2020-09-09', '2021-07-19', NULL, NULL, 0),
(905, 22, 'natoque penatibus et magnis dis parturient montes,', '2020-09-28', '2021-06-29', NULL, NULL, 0),
(906, 53, 'sapien. Aenean massa. Integer vitae', '2020-08-27', '2021-02-22', NULL, NULL, 0),
(907, 24, 'mollis non, cursus non,', '2020-12-10', '2021-05-03', NULL, NULL, 0),
(908, 27, 'tempor, est ac mattis semper,', '2020-11-21', '2021-07-01', NULL, NULL, 0),
(909, 36, 'ligula elit, pretium et, rutrum non,', '2020-10-29', '2021-03-15', NULL, NULL, 0),
(910, 67, 'tempus eu, ligula. Aenean euismod mauris eu elit. Nulla facilisi.', '2020-12-05', '2021-06-03', NULL, NULL, 0),
(911, 43, 'risus, at fringilla purus mauris a', '2020-11-21', '2021-07-08', NULL, NULL, 0),
(912, 67, 'erat vitae risus. Duis a mi', '2020-09-12', '2021-03-13', NULL, NULL, 0),
(913, 1, 'sit amet, consectetuer adipiscing elit. Etiam', '2020-12-21', '2021-01-10', NULL, NULL, 0),
(914, 77, 'Vivamus non lorem vitae odio', '2020-12-09', '2021-02-23', NULL, NULL, 0),
(915, 34, 'est ac mattis semper, dui', '2020-11-02', '2021-06-05', NULL, NULL, 0),
(916, 34, 'nunc sit amet metus. Aliquam erat', '2020-09-25', '2021-01-04', NULL, NULL, 0),
(917, 53, 'Morbi non sapien molestie', '2020-08-30', '2021-01-09', NULL, NULL, 0),
(918, 61, 'tellus sem mollis dui, in sodales elit erat vitae risus.', '2020-12-25', '2021-04-25', NULL, NULL, 0),
(919, 14, 'felis, adipiscing fringilla, porttitor vulputate, posuere vulputate, lacus. Cras interdum.', '2020-11-01', '2021-03-29', NULL, NULL, 0),
(920, 26, 'et, commodo at,', '2020-08-19', '2021-03-13', NULL, NULL, 0),
(921, 99, 'enim, sit amet ornare lectus justo eu arcu. Morbi', '2020-08-22', '2021-06-16', NULL, NULL, 0),
(922, 66, 'fringilla, porttitor vulputate, posuere vulputate, lacus. Cras interdum. Nunc sollicitudin', '2020-09-06', '2021-04-21', NULL, NULL, 0),
(923, 91, 'eget ipsum. Suspendisse sagittis.', '2020-11-16', '2021-01-07', NULL, NULL, 0),
(924, 84, 'ac turpis egestas.', '2020-10-25', '2021-05-12', NULL, NULL, 0),
(925, 86, 'penatibus et magnis dis parturient montes, nascetur ridiculus mus. Proin', '2020-10-09', '2021-05-29', NULL, NULL, 0),
(926, 74, 'diam lorem, auctor quis, tristique ac,', '2020-11-10', '2021-01-29', NULL, NULL, 0),
(927, 49, 'magna sed dui. Fusce aliquam, enim nec tempus scelerisque,', '2020-12-09', '2021-01-14', NULL, NULL, 0),
(928, 89, 'scelerisque mollis. Phasellus libero mauris, aliquam', '2020-09-18', '2021-02-20', NULL, NULL, 0),
(929, 37, 'dictum placerat, augue. Sed molestie. Sed', '2020-11-01', '2021-07-09', NULL, NULL, 0),
(930, 7, 'rhoncus. Donec est. Nunc ullamcorper,', '2020-09-23', '2021-03-04', NULL, NULL, 0),
(931, 91, 'tristique aliquet. Phasellus fermentum', '2020-08-30', '2021-01-01', NULL, NULL, 0),
(932, 70, 'velit dui, semper et, lacinia vitae,', '2020-12-20', '2021-03-11', NULL, NULL, 0),
(933, 32, 'elit fermentum risus, at fringilla purus mauris a', '2020-08-29', '2021-07-05', NULL, NULL, 0),
(934, 75, 'feugiat non, lobortis quis, pede. Suspendisse', '2020-08-17', '2021-06-15', NULL, NULL, 0),
(935, 42, 'fames ac turpis egestas. Aliquam fringilla', '2020-09-18', '2021-03-27', NULL, NULL, 0),
(936, 35, 'mi enim, condimentum', '2020-08-01', '2021-02-15', NULL, NULL, 0),
(937, 42, 'a purus. Duis elementum, dui quis', '2020-08-30', '2021-02-01', NULL, NULL, 0),
(938, 9, 'tempus risus. Donec egestas. Duis ac arcu. Nunc mauris.', '2020-11-04', '2021-03-29', NULL, NULL, 0),
(939, 33, 'non ante bibendum ullamcorper. Duis cursus, diam at pretium', '2020-09-12', '2021-02-04', NULL, NULL, 0),
(940, 72, 'sagittis. Nullam vitae diam. Proin dolor. Nulla', '2020-09-27', '2021-03-21', NULL, NULL, 0),
(941, 1, 'non ante bibendum ullamcorper. Duis cursus,', '2020-08-06', '2021-05-07', NULL, NULL, 0),
(942, 95, 'vitae purus gravida sagittis. Duis gravida. Praesent eu', '2020-12-30', '2021-03-13', NULL, NULL, 0),
(943, 26, 'tellus eu augue porttitor', '2020-09-09', '2021-06-08', NULL, NULL, 0),
(944, 42, 'convallis dolor. Quisque tincidunt pede ac urna. Ut', '2020-10-07', '2021-01-12', NULL, NULL, 0),
(945, 33, 'at lacus. Quisque purus sapien, gravida non, sollicitudin', '2020-12-23', '2021-01-25', NULL, NULL, 0),
(946, 56, 'et ultrices posuere', '2020-12-19', '2021-01-04', NULL, NULL, 0),
(947, 26, 'Phasellus dapibus quam quis diam. Pellentesque habitant', '2020-11-07', '2021-02-13', NULL, NULL, 0),
(948, 22, 'ipsum leo elementum sem, vitae aliquam eros turpis non', '2020-11-28', '2021-07-25', NULL, NULL, 0),
(949, 53, 'lorem vitae odio sagittis semper. Nam tempor diam', '2020-11-16', '2021-07-16', NULL, NULL, 0),
(950, 24, 'pretium neque. Morbi quis urna. Nunc', '2020-11-21', '2021-02-19', NULL, NULL, 0),
(951, 94, 'ultricies ornare, elit elit', '2020-10-21', '2021-01-13', NULL, NULL, 0),
(952, 97, 'ipsum non arcu. Vivamus', '2020-09-11', '2021-02-28', NULL, NULL, 0),
(953, 45, 'imperdiet, erat nonummy ultricies ornare, elit elit fermentum risus,', '2020-12-27', '2021-06-30', NULL, NULL, 0),
(954, 48, 'orci luctus et ultrices posuere', '2020-11-27', '2021-01-15', NULL, NULL, 0),
(955, 13, 'ipsum. Donec sollicitudin adipiscing ligula. Aenean', '2020-11-10', '2021-05-11', NULL, NULL, 0),
(956, 77, 'nec quam. Curabitur vel lectus. Cum sociis natoque penatibus et', '2020-09-15', '2021-06-24', NULL, NULL, 0),
(957, 99, 'tellus justo sit amet nulla.', '2020-11-10', '2021-07-25', NULL, NULL, 0),
(958, 30, 'elementum at, egestas a, scelerisque sed, sapien. Nunc pulvinar', '2020-11-16', '2021-02-01', NULL, NULL, 0),
(959, 92, 'nec, malesuada ut, sem. Nulla interdum.', '2020-08-12', '2021-06-23', NULL, NULL, 0),
(960, 51, 'interdum enim non nisi. Aenean', '2020-11-05', '2021-04-06', NULL, NULL, 0),
(961, 77, 'tellus id nunc interdum feugiat. Sed nec metus facilisis lorem', '2020-09-13', '2021-06-14', NULL, NULL, 0),
(962, 60, 'penatibus et magnis dis parturient montes, nascetur ridiculus mus. Proin', '2020-10-23', '2021-04-13', NULL, NULL, 0),
(963, 17, 'erat semper rutrum. Fusce dolor quam, elementum at, egestas a,', '2020-09-17', '2021-03-22', NULL, NULL, 0),
(964, 35, 'vel arcu. Curabitur ut odio vel', '2020-09-03', '2021-05-08', NULL, NULL, 0),
(965, 2, 'vulputate, lacus. Cras interdum. Nunc sollicitudin commodo ipsum. Suspendisse', '2020-11-23', '2021-02-04', NULL, NULL, 0),
(966, 79, 'est. Mauris eu turpis.', '2020-12-13', '2021-04-27', NULL, NULL, 0),
(967, 97, 'quis lectus. Nullam suscipit, est ac facilisis facilisis, magna', '2020-12-09', '2021-01-21', NULL, NULL, 0),
(968, 89, 'Vivamus nisi. Mauris nulla. Integer urna. Vivamus molestie dapibus ligula.', '2020-09-21', '2021-03-20', NULL, NULL, 0),
(969, 45, 'eu, ligula. Aenean euismod mauris eu', '2020-09-26', '2021-05-16', NULL, NULL, 0),
(970, 1, 'auctor. Mauris vel turpis. Aliquam adipiscing lobortis risus. In', '2020-08-21', '2021-03-27', NULL, NULL, 0),
(971, 62, 'non enim commodo hendrerit. Donec porttitor tellus non magna. Nam', '2020-12-28', '2021-05-13', NULL, NULL, 0),
(972, 75, 'rhoncus id, mollis', '2020-09-09', '2021-05-01', NULL, NULL, 0),
(973, 67, 'dui. Cras pellentesque. Sed dictum. Proin', '2020-08-05', '2021-01-29', NULL, NULL, 0),
(974, 32, 'dolor sit amet, consectetuer adipiscing elit. Etiam laoreet, libero', '2020-10-14', '2021-04-15', NULL, NULL, 0),
(975, 1, 'aliquam eu, accumsan sed, facilisis', '2020-10-01', '2021-03-11', NULL, NULL, 0),
(976, 84, 'eros. Proin ultrices. Duis volutpat nunc sit amet metus.', '2020-11-14', '2021-02-20', NULL, NULL, 0),
(977, 64, 'tristique ac, eleifend vitae, erat. Vivamus nisi. Mauris', '2020-08-14', '2021-04-13', NULL, NULL, 0),
(978, 75, 'Cum sociis natoque penatibus', '2020-10-28', '2021-05-13', NULL, NULL, 0),
(979, 3, 'Quisque varius. Nam porttitor scelerisque neque. Nullam nisl.', '2020-11-05', '2021-05-14', NULL, NULL, 0),
(980, 11, 'neque sed sem egestas blandit. Nam nulla magna, malesuada vel,', '2020-08-16', '2021-04-02', NULL, NULL, 0),
(981, 88, 'Nullam scelerisque neque sed sem egestas', '2020-11-22', '2021-07-16', NULL, NULL, 0),
(982, 70, 'sem egestas blandit. Nam nulla magna, malesuada vel,', '2020-12-10', '2021-02-10', NULL, NULL, 0),
(983, 49, 'diam. Pellentesque habitant morbi tristique senectus et netus', '2020-08-13', '2021-01-31', NULL, NULL, 0),
(984, 97, 'pellentesque eget, dictum placerat,', '2020-10-25', '2021-01-11', NULL, NULL, 0),
(985, 39, 'Suspendisse sagittis. Nullam vitae diam. Proin dolor. Nulla semper', '2020-10-05', '2021-05-20', NULL, NULL, 0),
(986, 45, 'at sem molestie sodales.', '2020-12-19', '2021-02-28', NULL, NULL, 0),
(987, 34, 'netus et malesuada fames ac turpis', '2020-08-07', '2021-04-20', NULL, NULL, 0),
(988, 86, 'gravida mauris ut mi. Duis risus odio, auctor vitae,', '2020-09-22', '2021-01-21', NULL, NULL, 0),
(989, 78, 'leo elementum sem, vitae aliquam eros turpis non', '2020-08-06', '2021-07-20', NULL, NULL, 0),
(990, 99, 'eget tincidunt dui augue eu tellus. Phasellus elit pede,', '2020-12-05', '2021-02-18', NULL, NULL, 0),
(991, 30, 'Vivamus non lorem vitae odio sagittis semper. Nam', '2020-10-22', '2021-05-19', NULL, NULL, 0),
(992, 30, 'ut mi. Duis', '2020-08-09', '2021-01-16', NULL, NULL, 0),
(993, 27, 'penatibus et magnis dis parturient montes, nascetur ridiculus', '2020-10-18', '2021-05-05', NULL, NULL, 0),
(994, 81, 'lacus, varius et, euismod et,', '2020-11-11', '2021-03-15', NULL, NULL, 0),
(995, 8, 'odio semper cursus. Integer mollis. Integer tincidunt', '2020-11-16', '2021-02-11', NULL, NULL, 0),
(996, 4, 'Donec felis orci, adipiscing non, luctus sit amet, faucibus', '2020-09-21', '2021-05-16', NULL, NULL, 0),
(997, 84, 'egestas ligula. Nullam feugiat placerat', '2020-10-29', '2021-02-27', NULL, NULL, 0),
(998, 83, 'Donec fringilla. Donec', '2020-09-15', '2021-02-26', NULL, NULL, 0),
(999, 99, 'neque. Morbi quis urna. Nunc quis arcu vel quam dignissim', '2020-12-23', '2021-01-16', NULL, NULL, 0),
(1000, 72, 'nec ante. Maecenas mi felis, adipiscing fringilla,', '2020-09-09', '2021-05-14', NULL, NULL, 0);

--
-- Volcado de datos para la tabla `tarea_personal`
--

INSERT INTO `tarea_personal` (`idTarea`, `idPersonal`) VALUES
(152, 1),
(387, 1),
(419, 1),
(553, 1),
(597, 1),
(884, 1),
(891, 1),
(910, 1),
(995, 1),
(44, 2),
(194, 2),
(236, 2),
(513, 2),
(536, 2),
(623, 2),
(682, 2),
(760, 2),
(918, 2),
(22, 3),
(111, 3),
(153, 3),
(444, 3),
(491, 3),
(524, 3),
(555, 3),
(627, 3),
(658, 3),
(743, 3),
(803, 3),
(868, 3),
(111, 4),
(528, 4),
(846, 4),
(75, 5),
(78, 5),
(113, 5),
(368, 5),
(566, 5),
(691, 5),
(727, 5),
(729, 5),
(794, 5),
(832, 5),
(850, 5),
(863, 5),
(920, 5),
(928, 5),
(35, 6),
(40, 6),
(237, 6),
(248, 6),
(413, 6),
(442, 6),
(474, 6),
(502, 6),
(520, 6),
(538, 6),
(806, 6),
(10, 7),
(54, 7),
(106, 7),
(315, 7),
(381, 7),
(447, 7),
(480, 7),
(532, 7),
(607, 7),
(626, 7),
(645, 7),
(796, 7),
(75, 8),
(289, 8),
(536, 8),
(636, 8),
(691, 8),
(701, 8),
(754, 8),
(812, 8),
(63, 9),
(212, 9),
(446, 9),
(592, 9),
(1, 10),
(102, 10),
(326, 10),
(868, 10),
(925, 10),
(5, 11),
(129, 11),
(272, 11),
(302, 11),
(433, 11),
(618, 11),
(634, 11),
(806, 11),
(816, 11),
(4, 12),
(131, 12),
(167, 12),
(228, 12),
(352, 12),
(380, 12),
(414, 12),
(566, 12),
(656, 12),
(920, 12),
(106, 13),
(166, 13),
(271, 13),
(320, 13),
(368, 13),
(645, 13),
(937, 13),
(958, 13),
(975, 13),
(331, 14),
(376, 14),
(487, 14),
(742, 14),
(754, 14),
(914, 14),
(923, 14),
(937, 14),
(942, 14),
(960, 14),
(49, 15),
(131, 15),
(234, 15),
(398, 15),
(520, 15),
(837, 15),
(995, 15),
(5, 16),
(59, 16),
(160, 16),
(417, 16),
(468, 16),
(486, 16),
(536, 16),
(612, 16),
(620, 16),
(730, 16),
(754, 16),
(842, 16),
(67, 17),
(333, 17),
(484, 17),
(486, 17),
(616, 17),
(629, 17),
(631, 17),
(634, 17),
(684, 17),
(705, 17),
(773, 17),
(796, 17),
(7, 18),
(17, 18),
(204, 18),
(721, 18),
(43, 19),
(146, 19),
(659, 19),
(679, 19),
(847, 19),
(935, 19),
(955, 19),
(985, 19),
(63, 20),
(94, 20),
(122, 20),
(137, 20),
(173, 20),
(191, 20),
(265, 20),
(280, 20),
(400, 20),
(514, 20),
(605, 20),
(682, 20),
(690, 20),
(727, 20),
(801, 20),
(141, 21),
(177, 21),
(208, 21),
(317, 21),
(366, 21),
(402, 21),
(530, 21),
(571, 21),
(575, 21),
(717, 21),
(93, 22),
(132, 22),
(226, 22),
(436, 22),
(450, 22),
(485, 22),
(520, 22),
(623, 22),
(765, 22),
(205, 23),
(207, 23),
(223, 23),
(317, 23),
(356, 23),
(389, 23),
(533, 23),
(586, 23),
(668, 23),
(877, 23),
(33, 24),
(44, 24),
(77, 24),
(219, 24),
(272, 24),
(333, 24),
(368, 24),
(446, 24),
(531, 24),
(885, 24),
(918, 24),
(919, 24),
(69, 25),
(170, 25),
(296, 25),
(301, 25),
(370, 25),
(491, 25),
(703, 25),
(705, 25),
(766, 25),
(779, 25),
(849, 25),
(157, 26),
(162, 26),
(188, 26),
(208, 26),
(379, 26),
(406, 26),
(702, 26),
(739, 26),
(889, 26),
(932, 26),
(992, 26),
(83, 27),
(379, 27),
(511, 27),
(765, 27),
(812, 27),
(816, 27),
(59, 28),
(178, 28),
(231, 28),
(251, 28),
(408, 28),
(610, 28),
(613, 28),
(702, 28),
(775, 28),
(794, 28),
(13, 29),
(239, 29),
(534, 29),
(570, 29),
(635, 29),
(693, 29),
(696, 29),
(729, 29),
(933, 29),
(112, 30),
(157, 30),
(468, 30),
(533, 30),
(802, 30),
(822, 30),
(954, 30),
(35, 31),
(115, 31),
(119, 31),
(157, 31),
(212, 31),
(276, 31),
(398, 31),
(557, 31),
(609, 31),
(676, 31),
(720, 31),
(759, 31),
(846, 31),
(915, 31),
(961, 31),
(90, 32),
(189, 32),
(564, 32),
(694, 32),
(906, 32),
(916, 32),
(948, 32),
(69, 33),
(166, 33),
(168, 33),
(180, 33),
(523, 33),
(571, 33),
(607, 33),
(609, 33),
(642, 33),
(710, 33),
(768, 33),
(800, 33),
(894, 33),
(919, 33),
(30, 34),
(421, 34),
(470, 34),
(528, 34),
(661, 34),
(784, 34),
(811, 34),
(839, 34),
(79, 35),
(217, 35),
(519, 35),
(652, 35),
(736, 35),
(2, 36),
(279, 36),
(446, 36),
(507, 36),
(519, 36),
(641, 36),
(683, 36),
(726, 36),
(827, 36),
(834, 36),
(839, 36),
(844, 36),
(46, 37),
(68, 37),
(92, 37),
(475, 37),
(521, 37),
(573, 37),
(715, 37),
(788, 37),
(790, 37),
(998, 37),
(596, 38),
(625, 38),
(636, 38),
(274, 39),
(525, 39),
(678, 39),
(759, 39),
(797, 39),
(831, 39),
(858, 39),
(903, 39),
(908, 39),
(1, 40),
(19, 40),
(172, 40),
(233, 40),
(325, 40),
(421, 40),
(461, 40),
(464, 40),
(530, 40),
(572, 40),
(597, 40),
(620, 40),
(672, 40),
(707, 40),
(754, 40),
(766, 40),
(902, 40),
(940, 40),
(995, 40),
(228, 41),
(297, 41),
(330, 41),
(538, 41),
(562, 41),
(645, 41),
(713, 41),
(722, 41),
(760, 41),
(794, 41),
(949, 41),
(31, 42),
(219, 42),
(249, 42),
(291, 42),
(562, 42),
(573, 42),
(632, 42),
(670, 42),
(820, 42),
(917, 42),
(952, 42),
(123, 43),
(368, 43),
(477, 43),
(585, 43),
(685, 43),
(768, 43),
(945, 43),
(1, 44),
(69, 44),
(102, 44),
(283, 44),
(313, 44),
(329, 44),
(585, 44),
(736, 44),
(105, 45),
(107, 45),
(113, 45),
(395, 45),
(10, 46),
(172, 46),
(197, 46),
(287, 46),
(300, 46),
(333, 46),
(441, 46),
(522, 46),
(534, 46),
(616, 46),
(787, 46),
(813, 46),
(977, 46),
(980, 46),
(85, 47),
(295, 47),
(342, 47),
(410, 47),
(501, 47),
(519, 47),
(544, 47),
(628, 47),
(720, 47),
(845, 47),
(990, 47),
(998, 47),
(79, 48),
(226, 48),
(448, 48),
(611, 48),
(640, 48),
(671, 48),
(679, 48),
(862, 48),
(957, 48),
(90, 49),
(180, 49),
(200, 49),
(552, 49),
(555, 49),
(704, 49),
(727, 49),
(741, 49),
(779, 49),
(817, 49),
(956, 49),
(991, 49),
(999, 49),
(338, 50),
(364, 50),
(407, 50),
(456, 50),
(459, 50),
(476, 50),
(625, 50),
(665, 50),
(683, 50),
(914, 50),
(137, 51),
(399, 51),
(574, 51),
(615, 51),
(626, 51),
(631, 51),
(693, 51),
(869, 51),
(906, 51),
(913, 51),
(943, 51),
(969, 51),
(95, 52),
(122, 52),
(181, 52),
(263, 52),
(372, 52),
(436, 52),
(519, 52),
(581, 52),
(696, 52),
(705, 52),
(810, 52),
(834, 52),
(998, 52),
(191, 53),
(302, 53),
(446, 53),
(506, 53),
(521, 53),
(665, 53),
(719, 53),
(880, 53),
(949, 53),
(963, 53),
(968, 53),
(4, 54),
(68, 54),
(365, 54),
(430, 54),
(467, 54),
(580, 54),
(692, 54),
(742, 54),
(825, 54),
(918, 54),
(267, 55),
(302, 55),
(387, 55),
(497, 55),
(610, 55),
(622, 55),
(643, 55),
(726, 55),
(767, 55),
(890, 55),
(184, 56),
(233, 56),
(414, 56),
(510, 56),
(572, 56),
(693, 56),
(746, 56),
(792, 56),
(807, 56),
(821, 56),
(969, 56),
(975, 56),
(981, 56),
(267, 57),
(334, 57),
(404, 57),
(530, 57),
(595, 57),
(703, 57),
(714, 57),
(745, 57),
(906, 57),
(918, 57),
(19, 58),
(179, 58),
(187, 58),
(305, 58),
(548, 58),
(555, 58),
(756, 58),
(771, 58),
(903, 58),
(951, 58),
(959, 58),
(231, 59),
(969, 59),
(152, 60),
(233, 60),
(281, 60),
(326, 60),
(377, 60),
(391, 60),
(531, 60),
(32, 61),
(91, 61),
(259, 61),
(349, 61),
(367, 61),
(382, 61),
(785, 61),
(788, 61),
(926, 61),
(16, 62),
(17, 62),
(32, 62),
(182, 62),
(241, 62),
(302, 62),
(343, 62),
(467, 62),
(607, 62),
(883, 62),
(957, 62),
(143, 63),
(220, 63),
(439, 63),
(568, 63),
(575, 63),
(606, 63),
(609, 63),
(623, 63),
(783, 63),
(881, 63),
(106, 64),
(118, 64),
(218, 64),
(238, 64),
(260, 64),
(363, 64),
(390, 64),
(425, 64),
(471, 64),
(539, 64),
(576, 64),
(940, 64),
(19, 65),
(155, 65),
(181, 65),
(224, 65),
(434, 65),
(759, 65),
(790, 65),
(882, 65),
(988, 65),
(200, 66),
(275, 66),
(280, 66),
(291, 66),
(342, 66),
(665, 66),
(703, 66),
(706, 66),
(754, 66),
(756, 66),
(797, 66),
(845, 66),
(882, 66),
(893, 66),
(122, 67),
(264, 67),
(312, 67),
(342, 67),
(455, 67),
(464, 67),
(489, 67),
(506, 67),
(534, 67),
(544, 67),
(578, 67),
(599, 67),
(732, 67),
(931, 67),
(957, 67),
(987, 67),
(994, 67),
(161, 68),
(309, 68),
(435, 68),
(495, 68),
(531, 68),
(596, 68),
(660, 68),
(766, 68),
(880, 68),
(993, 68),
(140, 69),
(364, 69),
(784, 69),
(785, 69),
(68, 70),
(88, 70),
(123, 70),
(156, 70),
(226, 70),
(374, 70),
(450, 70),
(589, 70),
(654, 70),
(780, 70),
(38, 71),
(206, 71),
(213, 71),
(279, 71),
(358, 71),
(512, 71),
(664, 71),
(690, 71),
(888, 71),
(135, 72),
(180, 72),
(200, 72),
(218, 72),
(224, 72),
(361, 72),
(461, 72),
(479, 72),
(492, 72),
(493, 72),
(753, 72),
(810, 72),
(816, 72),
(907, 72),
(914, 72),
(930, 72),
(974, 72),
(188, 73),
(263, 73),
(396, 73),
(741, 73),
(766, 73),
(829, 73),
(832, 73),
(866, 73),
(967, 73),
(64, 74),
(107, 74),
(150, 74),
(175, 74),
(311, 74),
(433, 74),
(495, 74),
(549, 74),
(639, 74),
(684, 74),
(699, 74),
(773, 74),
(774, 74),
(817, 74),
(820, 74),
(55, 75),
(93, 75),
(105, 75),
(128, 75),
(536, 75),
(578, 75),
(617, 75),
(863, 75),
(149, 76),
(297, 76),
(500, 76),
(525, 76),
(538, 76),
(618, 76),
(650, 76),
(692, 76),
(717, 76),
(877, 76),
(949, 76),
(966, 76),
(64, 77),
(74, 77),
(137, 77),
(391, 77),
(439, 77),
(712, 77),
(770, 77),
(814, 77),
(4, 78),
(21, 78),
(228, 78),
(299, 78),
(581, 78),
(827, 78),
(899, 78),
(908, 78),
(4, 79),
(73, 79),
(406, 79),
(27, 80),
(39, 80),
(146, 80),
(211, 80),
(245, 80),
(260, 80),
(295, 80),
(327, 80),
(417, 80),
(484, 80),
(543, 80),
(630, 80),
(659, 80),
(697, 80),
(925, 80),
(992, 80),
(150, 81),
(194, 81),
(205, 81),
(288, 81),
(406, 81),
(408, 81),
(485, 81),
(790, 81),
(796, 81),
(807, 81),
(78, 82),
(93, 82),
(129, 82),
(148, 82),
(258, 82),
(399, 82),
(492, 82),
(688, 82),
(852, 82),
(205, 83),
(296, 83),
(352, 83),
(439, 83),
(448, 83),
(710, 83),
(712, 83),
(763, 83),
(845, 83),
(964, 83),
(5, 84),
(7, 84),
(32, 84),
(51, 84),
(258, 84),
(297, 84),
(336, 84),
(384, 84),
(508, 84),
(688, 84),
(704, 84),
(890, 84),
(891, 84),
(326, 85),
(402, 85),
(454, 85),
(459, 85),
(506, 85),
(546, 85),
(582, 85),
(647, 85),
(782, 85),
(28, 86),
(33, 86),
(63, 86),
(84, 86),
(133, 86),
(140, 86),
(809, 86),
(821, 86),
(827, 86),
(955, 86),
(966, 86),
(171, 87),
(410, 87),
(423, 87),
(717, 87),
(808, 87),
(890, 87),
(928, 87),
(997, 87),
(395, 88),
(460, 88),
(675, 88),
(746, 88),
(792, 88),
(876, 88),
(994, 88),
(8, 89),
(22, 89),
(39, 89),
(156, 89),
(444, 89),
(551, 89),
(699, 89),
(758, 89),
(957, 89),
(160, 90),
(166, 90),
(225, 90),
(545, 90),
(695, 90),
(875, 90),
(939, 90),
(43, 91),
(44, 91),
(56, 91),
(102, 91),
(362, 91),
(530, 91),
(603, 91),
(799, 91),
(830, 91),
(836, 91),
(868, 91),
(998, 91),
(135, 92),
(188, 92),
(434, 92),
(467, 92),
(511, 92),
(847, 92),
(865, 92),
(867, 92),
(898, 92),
(966, 92),
(558, 93),
(607, 93),
(615, 93),
(707, 93),
(751, 93),
(778, 93),
(908, 93),
(932, 93),
(43, 94),
(324, 94),
(392, 94),
(441, 94),
(488, 94),
(784, 94),
(925, 94),
(975, 94),
(142, 95),
(164, 95),
(261, 95),
(412, 95),
(436, 95),
(670, 95),
(752, 95),
(842, 95),
(879, 95),
(30, 96),
(293, 96),
(421, 96),
(456, 96),
(553, 96),
(700, 96),
(809, 96),
(979, 96),
(145, 97),
(158, 97),
(229, 97),
(276, 97),
(448, 97),
(483, 97),
(485, 97),
(574, 97),
(736, 97),
(26, 98),
(96, 98),
(179, 98),
(289, 98),
(376, 98),
(425, 98),
(443, 98),
(456, 98),
(483, 98),
(517, 98),
(548, 98),
(596, 98),
(622, 98),
(674, 98),
(697, 98),
(705, 98),
(791, 98),
(796, 98),
(917, 98),
(922, 98),
(14, 99),
(164, 99),
(249, 99),
(354, 99),
(374, 99),
(474, 99),
(476, 99),
(621, 99),
(711, 99),
(840, 99),
(855, 99),
(936, 99),
(51, 100),
(225, 100),
(415, 100),
(571, 100),
(681, 100),
(688, 100),
(936, 100),
(117, 101),
(198, 101),
(323, 101),
(482, 101),
(487, 101),
(505, 101),
(521, 101),
(610, 101),
(665, 101),
(904, 101);

--
-- Volcado de datos para la tabla `usuario`
--

INSERT INTO `usuario` (`idUsuario`, `contrasena`, `tipo`, `idPersonal`) VALUES
(1, 'DAS', 1, 1),
(2, '2123', 0, 2),
(3, '2017', 0, 3),
(4, '3568', 0, 4),
(5, '9528', 0, 5),
(6, '3644', 0, 6),
(7, '0912', 0, 7),
(8, '6632', 0, 8),
(9, '7171', 0, 9),
(10, '6560', 0, 10),
(11, '6592', 0, 11),
(12, '2490', 0, 12),
(13, '4244', 0, 13),
(14, '7414', 0, 14),
(15, '6087', 0, 15),
(16, '6230', 0, 16),
(17, '3071', 0, 17),
(18, '5647', 0, 18),
(19, '1919', 0, 19),
(20, '0600', 0, 20),
(21, '1966', 0, 21),
(22, '8921', 0, 22),
(23, '4195', 0, 23),
(24, '6233', 0, 24),
(25, '2933', 0, 25),
(26, '2104', 0, 26),
(27, '1473', 0, 27),
(28, '1511', 0, 28),
(29, '1622', 0, 29),
(30, '2159', 0, 30),
(31, '0652', 0, 31),
(32, '3569', 0, 32),
(33, '7245', 0, 33),
(34, '3192', 0, 34),
(35, '0115', 0, 35),
(36, '7370', 0, 36),
(37, '9775', 0, 37),
(38, '5092', 0, 38),
(39, '3882', 0, 39),
(40, '3720', 0, 40),
(41, '6393', 0, 41),
(42, '7271', 0, 42),
(43, '9826', 0, 43),
(44, '6989', 0, 44),
(45, '0780', 0, 45),
(46, '7300', 0, 46),
(47, '2015', 0, 47),
(48, '2044', 0, 48),
(49, '5271', 0, 49),
(50, '3021', 0, 50),
(51, '5248', 0, 51),
(52, '4304', 0, 52),
(53, '4268', 0, 53),
(54, '3008', 0, 54),
(55, '1037', 0, 55),
(56, '2329', 0, 56),
(57, '8483', 0, 57),
(58, '0720', 0, 58),
(59, '3452', 0, 59),
(60, '4495', 0, 60),
(61, '3137', 0, 61),
(62, '4274', 0, 62),
(63, '1917', 0, 63),
(64, '3935', 0, 64),
(65, '1195', 0, 65),
(66, '7585', 0, 66),
(67, '9242', 0, 67),
(68, '2631', 0, 68),
(69, '8416', 0, 69),
(70, '0004', 0, 70),
(71, '6951', 0, 71),
(72, '7434', 0, 72),
(73, '7644', 0, 73),
(74, '4481', 0, 74),
(75, '7311', 0, 75),
(76, '2083', 0, 76),
(77, '9619', 0, 77),
(78, '6463', 0, 78),
(79, '4769', 0, 79),
(80, '4181', 0, 80),
(81, '2560', 0, 81),
(82, '0237', 0, 82),
(83, '5097', 0, 83),
(84, '0961', 0, 84),
(85, '5104', 0, 85),
(86, '4988', 0, 86),
(87, '5546', 0, 87),
(88, '3581', 0, 88),
(89, '2178', 0, 89),
(90, '6397', 0, 90),
(91, '4139', 0, 91),
(92, '9516', 0, 92),
(93, '5591', 0, 93),
(94, '1085', 0, 94),
(95, '2352', 0, 95),
(96, '9446', 0, 96),
(97, '7311', 0, 97),
(98, '5370', 0, 98),
(99, '8493', 0, 99),
(100, '4996', 0, 100),
(101, '6880', 0, 101);
COMMIT;

/*!40101 SET CHARACTER_SET_CLIENT=@OLD_CHARACTER_SET_CLIENT */;
/*!40101 SET CHARACTER_SET_RESULTS=@OLD_CHARACTER_SET_RESULTS */;
/*!40101 SET COLLATION_CONNECTION=@OLD_COLLATION_CONNECTION */;
